country_region_code,country_region,sub_region_1,sub_region_2,iso_3166_2_code,census_fips_code,date,retail_and_recreation_percent_change_from_baseline,grocery_and_pharmacy_percent_change_from_baseline,parks_percent_change_from_baseline,transit_stations_percent_change_from_baseline,workplaces_percent_change_from_baseline,residential_percent_change_from_baseline
GB,United Kingdom,Bath and North East Somerset,,GB-BAS,,15/02/20,-13,-10,-48,-10,1,3
GB,United Kingdom,Bath and North East Somerset,,GB-BAS,,16/02/20,-2,-3,-26,2,-3,
GB,United Kingdom,Bath and North East Somerset,,GB-BAS,,17/02/20,22,2,32,7,-9,1
GB,United Kingdom,Bath and North East Somerset,,GB-BAS,,18/02/20,26,1,38,12,-9,1
GB,United Kingdom,Bath and North East Somerset,,GB-BAS,,19/02/20,22,0,32,6,-11,2
GB,United Kingdom,Bath and North East Somerset,,GB-BAS,,20/02/20,16,2,17,4,-10,2
GB,United Kingdom,Bath and North East Somerset,,GB-BAS,,21/02/20,15,-1,37,8,-14,2
GB,United Kingdom,Bath and North East Somerset,,GB-BAS,,22/02/20,11,-1,-4,16,3,-1
GB,United Kingdom,Bath and North East Somerset,,GB-BAS,,23/02/20,6,1,-2,15,2,
GB,United Kingdom,Bath and North East Somerset,,GB-BAS,,24/02/20,-4,0,-14,2,3,1
GB,United Kingdom,Bath and North East Somerset,,GB-BAS,,25/02/20,1,2,-1,10,7,0
GB,United Kingdom,Bath and North East Somerset,,GB-BAS,,26/02/20,7,0,14,5,4,0
GB,United Kingdom,Bath and North East Somerset,,GB-BAS,,27/02/20,2,3,10,6,6,0
GB,United Kingdom,Bath and North East Somerset,,GB-BAS,,28/02/20,-3,0,-23,11,4,1
GB,United Kingdom,Bath and North East Somerset,,GB-BAS,,29/02/20,2,3,-31,7,5,0
GB,United Kingdom,Bath and North East Somerset,,GB-BAS,,01/03/20,19,6,30,31,5,-1
GB,United Kingdom,Bath and North East Somerset,,GB-BAS,,02/03/20,6,3,12,6,5,0
GB,United Kingdom,Bath and North East Somerset,,GB-BAS,,03/03/20,12,3,14,8,6,-1
GB,United Kingdom,Bath and North East Somerset,,GB-BAS,,04/03/20,0,0,-11,1,4,1
GB,United Kingdom,Bath and North East Somerset,,GB-BAS,,05/03/20,-2,7,-8,3,5,1
GB,United Kingdom,Bath and North East Somerset,,GB-BAS,,06/03/20,3,5,28,8,6,0
GB,United Kingdom,Bath and North East Somerset,,GB-BAS,,07/03/20,2,4,4,11,8,-1
GB,United Kingdom,Bath and North East Somerset,,GB-BAS,,08/03/20,4,3,8,16,4,-1
GB,United Kingdom,Bath and North East Somerset,,GB-BAS,,09/03/20,1,5,-1,-2,2,1
GB,United Kingdom,Bath and North East Somerset,,GB-BAS,,10/03/20,-3,2,-1,2,3,1
GB,United Kingdom,Bath and North East Somerset,,GB-BAS,,11/03/20,2,6,20,0,3,1
GB,United Kingdom,Bath and North East Somerset,,GB-BAS,,12/03/20,-2,11,-3,0,3,1
GB,United Kingdom,Bath and North East Somerset,,GB-BAS,,13/03/20,-2,11,12,-3,0,3
GB,United Kingdom,Bath and North East Somerset,,GB-BAS,,14/03/20,-2,13,-4,-4,4,2
GB,United Kingdom,Bath and North East Somerset,,GB-BAS,,15/03/20,-11,8,18,18,-12,
GB,United Kingdom,Bath and North East Somerset,,GB-BAS,,16/03/20,-6,21,36,-8,-7,4
GB,United Kingdom,Bath and North East Somerset,,GB-BAS,,17/03/20,-22,24,1,-24,-16,8
GB,United Kingdom,Bath and North East Somerset,,GB-BAS,,18/03/20,-35,16,0,-40,-30,13
GB,United Kingdom,Bath and North East Somerset,,GB-BAS,,19/03/20,-40,21,-17,-45,-35,15
GB,United Kingdom,Bath and North East Somerset,,GB-BAS,,20/03/20,-47,5,-9,-47,-38,16
GB,United Kingdom,Bath and North East Somerset,,GB-BAS,,21/03/20,-66,-1,-17,-49,-32,
GB,United Kingdom,Bath and North East Somerset,,GB-BAS,,22/03/20,-69,-17,9,-45,-44,
GB,United Kingdom,Bath and North East Somerset,,GB-BAS,,23/03/20,-60,-13,3,-56,-55,19
GB,United Kingdom,Bath and North East Somerset,,GB-BAS,,24/03/20,-79,-33,-20,-70,-67,25
GB,United Kingdom,Bath and North East Somerset,,GB-BAS,,25/03/20,-82,-31,-16,-73,-72,29
GB,United Kingdom,Bath and North East Somerset,,GB-BAS,,26/03/20,-83,-32,-18,-72,-74,29
GB,United Kingdom,Bath and North East Somerset,,GB-BAS,,27/03/20,-86,-35,-38,-74,-73,30
GB,United Kingdom,Bath and North East Somerset,,GB-BAS,,28/03/20,-91,-44,-69,-75,-64,
GB,United Kingdom,Bath and North East Somerset,,GB-BAS,,29/03/20,-91,-48,-54,-75,-66,
GB,United Kingdom,Bath and North East Somerset,,GB-BAS,,30/03/20,-85,-40,-45,-76,-75,29
GB,United Kingdom,Bath and North East Somerset,,GB-BAS,,31/03/20,-83,-37,-24,-73,-76,28
GB,United Kingdom,Bath and North East Somerset,,GB-BAS,,01/04/20,-86,-39,-34,-77,-75,30
GB,United Kingdom,Bath and North East Somerset,,GB-BAS,,02/04/20,-85,-37,-32,-77,-75,30
GB,United Kingdom,Bath and North East Somerset,,GB-BAS,,03/04/20,-86,-37,-32,-75,-74,31
GB,United Kingdom,Bath and North East Somerset,,GB-BAS,,04/04/20,-91,-44,-56,-75,-63,
GB,United Kingdom,Bath and North East Somerset,,GB-BAS,,05/04/20,-90,-47,-37,-71,-64,
GB,United Kingdom,Bath and North East Somerset,,GB-BAS,,06/04/20,-84,-41,-29,-76,-76,28
GB,United Kingdom,Bath and North East Somerset,,GB-BAS,,07/04/20,-84,-38,-14,-73,-76,28
GB,United Kingdom,Bath and North East Somerset,,GB-BAS,,08/04/20,-85,-35,-23,-74,-76,29
GB,United Kingdom,Bath and North East Somerset,,GB-BAS,,09/04/20,-83,-26,-13,-71,-76,29
GB,United Kingdom,Bath and North East Somerset,,GB-BAS,,10/04/20,-89,-43,-22,-78,-86,
GB,United Kingdom,Bath and North East Somerset,,GB-BAS,,11/04/20,-91,-38,-54,-74,-64,
GB,United Kingdom,Bath and North East Somerset,,GB-BAS,,12/04/20,-92,-65,-40,-70,-68,
GB,United Kingdom,Bath and North East Somerset,,GB-BAS,,13/04/20,-88,-50,-22,-80,-87,
GB,United Kingdom,Bath and North East Somerset,,GB-BAS,,14/04/20,-83,-33,-12,-73,-76,28
GB,United Kingdom,Bath and North East Somerset,,GB-BAS,,15/04/20,-85,-37,-16,-73,-75,29
GB,United Kingdom,Bath and North East Somerset,,GB-BAS,,16/04/20,-85,-35,-17,-72,-74,30
GB,United Kingdom,Bath and North East Somerset,,GB-BAS,,17/04/20,-89,-45,-61,-79,-75,32
GB,United Kingdom,Bath and North East Somerset,,GB-BAS,,18/04/20,-92,-48,-68,-75,-61,
GB,United Kingdom,Bath and North East Somerset,,GB-BAS,,19/04/20,-88,-44,-22,-66,-59,
GB,United Kingdom,Bath and North East Somerset,,GB-BAS,,20/04/20,-84,-41,-13,-70,-73,28
GB,United Kingdom,Bath and North East Somerset,,GB-BAS,,21/04/20,-83,-38,-2,-69,-73,28
GB,United Kingdom,Bath and North East Somerset,,GB-BAS,,22/04/20,-84,-39,-9,-70,-74,29
GB,United Kingdom,Bath and North East Somerset,,GB-BAS,,23/04/20,-84,-33,2,-68,-74,29
GB,United Kingdom,Bath and North East Somerset,,GB-BAS,,24/04/20,-86,-36,-14,-70,-73,30
GB,United Kingdom,Bath and North East Somerset,,GB-BAS,,25/04/20,-89,-40,-39,-67,-57,
GB,United Kingdom,Bath and North East Somerset,,GB-BAS,,26/04/20,-87,-42,-14,-63,-60,
GB,United Kingdom,Bath and North East Somerset,,GB-BAS,,27/04/20,-83,-39,-14,-70,-73,28
GB,United Kingdom,Bath and North East Somerset,,GB-BAS,,28/04/20,-86,-42,-51,-76,-74,27
GB,United Kingdom,Bath and North East Somerset,,GB-BAS,,29/04/20,-85,-40,-29,-73,-73,30
GB,United Kingdom,Bath and North East Somerset,,GB-BAS,,30/04/20,-87,-36,-37,-72,-73,30
GB,United Kingdom,Bath and North East Somerset,,GB-BAS,,01/05/20,-87,-37,-30,-71,-72,30
GB,United Kingdom,Bath and North East Somerset,,GB-BAS,,02/05/20,-90,-39,-37,-64,-57,
GB,United Kingdom,Bath and North East Somerset,,GB-BAS,,03/05/20,-91,-45,-42,-68,-61,
GB,United Kingdom,Bath and North East Somerset,,GB-BAS,,04/05/20,-84,-36,2,-67,-72,27
GB,United Kingdom,Bath and North East Somerset,,GB-BAS,,05/05/20,-84,-34,-9,-67,-72,27
GB,United Kingdom,Bath and North East Somerset,,GB-BAS,,06/05/20,-84,-33,13,-67,-71,28
GB,United Kingdom,Bath and North East Somerset,,GB-BAS,,07/05/20,-83,-23,13,-63,-71,27
GB,United Kingdom,Bath and North East Somerset,,GB-BAS,,08/05/20,-88,-38,6,-70,-83,
GB,United Kingdom,Bath and North East Somerset,,GB-BAS,,09/05/20,-89,-37,-26,-62,-58,
GB,United Kingdom,Bath and North East Somerset,,GB-BAS,,10/05/20,-91,-42,-44,-68,-61,
GB,United Kingdom,Bath and North East Somerset,,GB-BAS,,11/05/20,-84,-36,-16,-68,-71,27
GB,United Kingdom,Bath and North East Somerset,,GB-BAS,,12/05/20,-81,-31,15,-63,-70,26
GB,United Kingdom,Bath and North East Somerset,,GB-BAS,,13/05/20,-83,-33,1,-66,-70,27
GB,United Kingdom,Bath and North East Somerset,,GB-BAS,,14/05/20,-80,-29,33,-63,-69,25
GB,United Kingdom,Bath and North East Somerset,,GB-BAS,,15/05/20,-83,-32,13,-61,-69,27
GB,United Kingdom,Bath and North East Somerset,,GB-BAS,,16/05/20,-86,-33,-14,-57,-54,
GB,United Kingdom,Bath and North East Somerset,,GB-BAS,,17/05/20,-84,-35,26,-47,-54,
GB,United Kingdom,Bath and North East Somerset,,GB-BAS,,18/05/20,-78,-32,36,-59,-68,24
GB,United Kingdom,Bath and North East Somerset,,GB-BAS,,19/05/20,-78,-30,51,-58,-68,24
GB,United Kingdom,Bath and North East Somerset,,GB-BAS,,20/05/20,-78,-25,79,-57,-68,25
GB,United Kingdom,Bath and North East Somerset,,GB-BAS,,21/05/20,-77,-24,61,-56,-68,25
GB,United Kingdom,Bath and North East Somerset,,GB-BAS,,22/05/20,-81,-29,15,-58,-67,26
GB,United Kingdom,Bath and North East Somerset,,GB-BAS,,23/05/20,-85,-30,-21,-58,-50,
GB,United Kingdom,Bath and North East Somerset,,GB-BAS,,24/05/20,-80,-26,59,-36,-52,
GB,United Kingdom,Bath and North East Somerset,,GB-BAS,,25/05/20,-75,-29,,-54,-84,
GB,United Kingdom,Bath and North East Somerset,,GB-BAS,,26/05/20,-74,-22,86,-54,-68,23
GB,United Kingdom,Bath and North East Somerset,,GB-BAS,,27/05/20,-76,-23,76,-54,-67,24
GB,United Kingdom,Bath and North East Somerset,,GB-BAS,,28/05/20,-74,-21,84,-52,-67,24
GB,United Kingdom,Bath and North East Somerset,,GB-BAS,,29/05/20,-77,-21,74,-52,-66,24
GB,United Kingdom,Bath and North East Somerset,,GB-BAS,,30/05/20,-82,-24,24,-46,-40,
GB,United Kingdom,Bath and North East Somerset,,GB-BAS,,31/05/20,-80,-24,60,-37,-44,
GB,United Kingdom,Bath and North East Somerset,,GB-BAS,,01/06/20,-73,-22,66,-50,-63,21
GB,United Kingdom,Bath and North East Somerset,,GB-BAS,,02/06/20,-72,-22,88,-49,-62,21
GB,United Kingdom,Bath and North East Somerset,,GB-BAS,,03/06/20,-78,-30,-9,-61,-64,25
GB,United Kingdom,Bath and North East Somerset,,GB-BAS,,04/06/20,-75,-22,26,-56,-62,24
GB,United Kingdom,Bath and North East Somerset,,GB-BAS,,05/06/20,-77,-24,26,-58,-62,24
GB,United Kingdom,Bath and North East Somerset,,GB-BAS,,06/06/20,-83,-29,-38,-62,-41,
GB,United Kingdom,Bath and North East Somerset,,GB-BAS,,07/06/20,-78,-26,42,-40,-39,
GB,United Kingdom,Bath and North East Somerset,,GB-BAS,,08/06/20,-71,-25,42,-54,-60,22
GB,United Kingdom,Bath and North East Somerset,,GB-BAS,,09/06/20,-72,-23,78,-51,-59,21
GB,United Kingdom,Bath and North East Somerset,,GB-BAS,,10/06/20,-76,-27,14,-60,-61,23
GB,United Kingdom,Bath and North East Somerset,,GB-BAS,,11/06/20,-75,-26,-9,-62,-61,24
GB,United Kingdom,Bath and North East Somerset,,GB-BAS,,12/06/20,-77,-28,-9,-62,-60,24
GB,United Kingdom,Bath and North East Somerset,,GB-BAS,,13/06/20,-78,-23,12,-52,-32,
GB,United Kingdom,Bath and North East Somerset,,GB-BAS,,14/06/20,-77,-28,34,-45,-36,
GB,United Kingdom,Bath and North East Somerset,,GB-BAS,,15/06/20,-61,-21,82,-51,-59,19
GB,United Kingdom,Bath and North East Somerset,,GB-BAS,,16/06/20,-63,-21,57,-52,-58,20
GB,United Kingdom,Bath and North East Somerset,,GB-BAS,,17/06/20,-67,-25,25,-56,-60,22
GB,United Kingdom,Bath and North East Somerset,,GB-BAS,,18/06/20,-75,-28,-36,-65,-62,24
GB,United Kingdom,Bath and North East Somerset,,GB-BAS,,19/06/20,-68,-18,21,-56,-58,22
GB,United Kingdom,Bath and North East Somerset,,GB-BAS,,20/06/20,-71,-18,20,-50,-28,
GB,United Kingdom,Bath and North East Somerset,,GB-BAS,,21/06/20,-69,-21,38,-40,-28,
GB,United Kingdom,Bath and North East Somerset,,GB-BAS,,22/06/20,-60,-19,95,-50,-59,19
GB,United Kingdom,Bath and North East Somerset,,GB-BAS,,23/06/20,-60,-16,119,-48,-59,18
GB,United Kingdom,Bath and North East Somerset,,GB-BAS,,24/06/20,-64,-15,102,-49,-58,19
GB,United Kingdom,Bath and North East Somerset,,GB-BAS,,25/06/20,-62,-9,115,-46,-57,19
GB,United Kingdom,Bath and North East Somerset,,GB-BAS,,26/06/20,-66,-15,77,-51,-57,19
GB,United Kingdom,Bath and North East Somerset,,GB-BAS,,27/06/20,-74,-23,-24,-55,-31,
GB,United Kingdom,Bath and North East Somerset,,GB-BAS,,28/06/20,-70,-26,18,-47,-32,
GB,United Kingdom,Bath and North East Somerset,,GB-BAS,,29/06/20,-62,-22,28,-54,-58,20
GB,United Kingdom,Bath and North East Somerset,,GB-BAS,,30/06/20,-60,-18,39,-52,-57,19
GB,United Kingdom,Bath and North East Somerset,,GB-BAS,,01/07/20,-62,-21,35,-53,-57,20
GB,United Kingdom,Bath and North East Somerset,,GB-BAS,,02/07/20,-62,-21,28,-52,-57,20
GB,United Kingdom,Bath and North East Somerset,,GB-BAS,,03/07/20,-65,-21,13,-52,-56,20
GB,United Kingdom,Bath and North East Somerset,,GB-BAS,,04/07/20,-63,-23,-22,-46,-24,
GB,United Kingdom,Bath and North East Somerset,,GB-BAS,,05/07/20,-56,-24,34,-34,-29,
GB,United Kingdom,Bath and North East Somerset,,GB-BAS,,06/07/20,-50,-19,61,-45,-58,16
GB,United Kingdom,Bath and North East Somerset,,GB-BAS,,07/07/20,-49,-19,68,-44,-56,17
GB,United Kingdom,Brighton and Hove,,GB-BNH,,15/02/20,-9,-7,-39,-12,-5,2
GB,United Kingdom,Brighton and Hove,,GB-BNH,,16/02/20,-18,-14,-49,-9,-6,3
GB,United Kingdom,Brighton and Hove,,GB-BNH,,17/02/20,14,0,20,-2,-13,2
GB,United Kingdom,Brighton and Hove,,GB-BNH,,18/02/20,13,-3,30,0,-13,2
GB,United Kingdom,Brighton and Hove,,GB-BNH,,19/02/20,10,-2,13,-2,-13,2
GB,United Kingdom,Brighton and Hove,,GB-BNH,,20/02/20,10,-2,12,-4,-14,3
GB,United Kingdom,Brighton and Hove,,GB-BNH,,21/02/20,10,-1,23,2,-15,2
GB,United Kingdom,Brighton and Hove,,GB-BNH,,22/02/20,1,-1,-10,0,-2,0
GB,United Kingdom,Brighton and Hove,,GB-BNH,,23/02/20,2,-3,18,17,-2,0
GB,United Kingdom,Brighton and Hove,,GB-BNH,,24/02/20,-5,-4,-18,-4,-2,1
GB,United Kingdom,Brighton and Hove,,GB-BNH,,25/02/20,3,5,2,-3,1,0
GB,United Kingdom,Brighton and Hove,,GB-BNH,,26/02/20,2,1,15,-1,1,0
GB,United Kingdom,Brighton and Hove,,GB-BNH,,27/02/20,-1,2,7,-1,0,0
GB,United Kingdom,Brighton and Hove,,GB-BNH,,28/02/20,-7,-5,-32,0,0,1
GB,United Kingdom,Brighton and Hove,,GB-BNH,,29/02/20,12,0,-25,14,-2,0
GB,United Kingdom,Brighton and Hove,,GB-BNH,,01/03/20,6,2,25,10,0,-1
GB,United Kingdom,Brighton and Hove,,GB-BNH,,02/03/20,14,4,32,3,0,0
GB,United Kingdom,Brighton and Hove,,GB-BNH,,03/03/20,2,3,24,0,1,0
GB,United Kingdom,Brighton and Hove,,GB-BNH,,04/03/20,-5,-1,-14,-5,0,1
GB,United Kingdom,Brighton and Hove,,GB-BNH,,05/03/20,-13,-5,-31,-5,-2,3
GB,United Kingdom,Brighton and Hove,,GB-BNH,,06/03/20,8,6,34,5,0,-1
GB,United Kingdom,Brighton and Hove,,GB-BNH,,07/03/20,1,1,-3,2,0,0
GB,United Kingdom,Brighton and Hove,,GB-BNH,,08/03/20,4,3,19,6,-2,-1
GB,United Kingdom,Brighton and Hove,,GB-BNH,,09/03/20,3,1,12,-2,0,1
GB,United Kingdom,Brighton and Hove,,GB-BNH,,10/03/20,-6,3,-13,-4,-3,2
GB,United Kingdom,Brighton and Hove,,GB-BNH,,11/03/20,-4,6,5,-5,-2,2
GB,United Kingdom,Brighton and Hove,,GB-BNH,,12/03/20,-2,10,18,-6,-2,2
GB,United Kingdom,Brighton and Hove,,GB-BNH,,13/03/20,-4,11,9,-8,-7,3
GB,United Kingdom,Brighton and Hove,,GB-BNH,,14/03/20,-11,7,-4,-15,-6,3
GB,United Kingdom,Brighton and Hove,,GB-BNH,,15/03/20,-14,5,6,-11,-8,2
GB,United Kingdom,Brighton and Hove,,GB-BNH,,16/03/20,-1,15,66,-17,-13,4
GB,United Kingdom,Brighton and Hove,,GB-BNH,,17/03/20,-22,18,16,-32,-24,10
GB,United Kingdom,Brighton and Hove,,GB-BNH,,18/03/20,-31,18,-2,-40,-33,13
GB,United Kingdom,Brighton and Hove,,GB-BNH,,19/03/20,-34,18,-3,-45,-38,15
GB,United Kingdom,Brighton and Hove,,GB-BNH,,20/03/20,-46,2,-22,-49,-39,17
GB,United Kingdom,Brighton and Hove,,GB-BNH,,21/03/20,-62,-2,-9,-50,-34,13
GB,United Kingdom,Brighton and Hove,,GB-BNH,,22/03/20,-68,-17,3,-53,-41,11
GB,United Kingdom,Brighton and Hove,,GB-BNH,,23/03/20,-56,-15,15,-57,-56,20
GB,United Kingdom,Brighton and Hove,,GB-BNH,,24/03/20,-77,-28,-10,-68,-68,26
GB,United Kingdom,Brighton and Hove,,GB-BNH,,25/03/20,-78,-31,5,-72,-73,28
GB,United Kingdom,Brighton and Hove,,GB-BNH,,26/03/20,-79,-31,5,-72,-74,29
GB,United Kingdom,Brighton and Hove,,GB-BNH,,27/03/20,-81,-35,-18,-73,-74,30
GB,United Kingdom,Brighton and Hove,,GB-BNH,,28/03/20,-88,-42,-60,-75,-64,
GB,United Kingdom,Brighton and Hove,,GB-BNH,,29/03/20,-89,-48,-59,-77,-64,
GB,United Kingdom,Brighton and Hove,,GB-BNH,,30/03/20,-79,-37,-5,-72,-75,28
GB,United Kingdom,Brighton and Hove,,GB-BNH,,31/03/20,-80,-36,-5,-72,-76,29
GB,United Kingdom,Brighton and Hove,,GB-BNH,,01/04/20,-80,-37,-5,-73,-76,29
GB,United Kingdom,Brighton and Hove,,GB-BNH,,02/04/20,-81,-37,-9,-75,-75,30
GB,United Kingdom,Brighton and Hove,,GB-BNH,,03/04/20,-82,-36,-15,-72,-74,30
GB,United Kingdom,Brighton and Hove,,GB-BNH,,04/04/20,-86,-39,-39,-72,-64,
GB,United Kingdom,Brighton and Hove,,GB-BNH,,05/04/20,-86,-41,-25,-69,-62,
GB,United Kingdom,Brighton and Hove,,GB-BNH,,06/04/20,-78,-38,-5,-72,-76,28
GB,United Kingdom,Brighton and Hove,,GB-BNH,,07/04/20,-80,-36,4,-71,-76,29
GB,United Kingdom,Brighton and Hove,,GB-BNH,,08/04/20,-80,-34,10,-72,-76,28
GB,United Kingdom,Brighton and Hove,,GB-BNH,,09/04/20,-78,-25,24,-70,-76,29
GB,United Kingdom,Brighton and Hove,,GB-BNH,,10/04/20,-84,-37,-6,-75,-84,33
GB,United Kingdom,Brighton and Hove,,GB-BNH,,11/04/20,-87,-35,-43,-73,-63,
GB,United Kingdom,Brighton and Hove,,GB-BNH,,12/04/20,-89,-62,-22,-69,-64,
GB,United Kingdom,Brighton and Hove,,GB-BNH,,13/04/20,-84,-46,-16,-81,-87,32
GB,United Kingdom,Brighton and Hove,,GB-BNH,,14/04/20,-79,-34,-8,-71,-75,29
GB,United Kingdom,Brighton and Hove,,GB-BNH,,15/04/20,-80,-33,5,-71,-75,29
GB,United Kingdom,Brighton and Hove,,GB-BNH,,16/04/20,-80,-34,8,-71,-75,30
GB,United Kingdom,Brighton and Hove,,GB-BNH,,17/04/20,-84,-38,-44,-75,-75,31
GB,United Kingdom,Brighton and Hove,,GB-BNH,,18/04/20,-87,-38,-46,-72,-61,
GB,United Kingdom,Brighton and Hove,,GB-BNH,,19/04/20,-86,-42,-13,-67,-59,
GB,United Kingdom,Brighton and Hove,,GB-BNH,,20/04/20,-77,-38,18,-70,-73,27
GB,United Kingdom,Brighton and Hove,,GB-BNH,,21/04/20,-79,-35,11,-70,-74,29
GB,United Kingdom,Brighton and Hove,,GB-BNH,,22/04/20,-80,-35,21,-70,-74,28
GB,United Kingdom,Brighton and Hove,,GB-BNH,,23/04/20,-78,-32,42,-68,-73,28
GB,United Kingdom,Brighton and Hove,,GB-BNH,,24/04/20,-81,-33,2,-69,-72,29
GB,United Kingdom,Brighton and Hove,,GB-BNH,,25/04/20,-85,-36,-35,-68,-58,20
GB,United Kingdom,Brighton and Hove,,GB-BNH,,26/04/20,-83,-38,-7,-64,-58,
GB,United Kingdom,Brighton and Hove,,GB-BNH,,27/04/20,-76,-36,22,-67,-73,26
GB,United Kingdom,Brighton and Hove,,GB-BNH,,28/04/20,-82,-43,-46,-75,-75,27
GB,United Kingdom,Brighton and Hove,,GB-BNH,,29/04/20,-81,-38,-31,-73,-75,30
GB,United Kingdom,Brighton and Hove,,GB-BNH,,30/04/20,-81,-35,-28,-73,-74,30
GB,United Kingdom,Brighton and Hove,,GB-BNH,,01/05/20,-81,-32,-18,-71,-72,29
GB,United Kingdom,Brighton and Hove,,GB-BNH,,02/05/20,-85,-34,-30,-67,-59,19
GB,United Kingdom,Brighton and Hove,,GB-BNH,,03/05/20,-87,-42,-46,-70,-59,
GB,United Kingdom,Brighton and Hove,,GB-BNH,,04/05/20,-76,-34,20,-68,-73,26
GB,United Kingdom,Brighton and Hove,,GB-BNH,,05/05/20,-79,-34,-1,-69,-73,28
GB,United Kingdom,Brighton and Hove,,GB-BNH,,06/05/20,-77,-30,43,-66,-72,26
GB,United Kingdom,Brighton and Hove,,GB-BNH,,07/05/20,-75,-23,47,-65,-72,27
GB,United Kingdom,Brighton and Hove,,GB-BNH,,08/05/20,-80,-32,39,-70,-81,30
GB,United Kingdom,Brighton and Hove,,GB-BNH,,09/05/20,-83,-33,-8,-64,-56,18
GB,United Kingdom,Brighton and Hove,,GB-BNH,,10/05/20,-86,-43,-42,-71,-58,
GB,United Kingdom,Brighton and Hove,,GB-BNH,,11/05/20,-76,-33,-1,-68,-72,26
GB,United Kingdom,Brighton and Hove,,GB-BNH,,12/05/20,-75,-30,36,-65,-71,26
GB,United Kingdom,Brighton and Hove,,GB-BNH,,13/05/20,-76,-31,15,-66,-71,27
GB,United Kingdom,Brighton and Hove,,GB-BNH,,14/05/20,-76,-29,37,-67,-70,25
GB,United Kingdom,Brighton and Hove,,GB-BNH,,15/05/20,-75,-29,46,-63,-69,26
GB,United Kingdom,Brighton and Hove,,GB-BNH,,16/05/20,-80,-31,-2,-62,-55,17
GB,United Kingdom,Brighton and Hove,,GB-BNH,,17/05/20,-77,-33,32,-55,-51,
GB,United Kingdom,Brighton and Hove,,GB-BNH,,18/05/20,-68,-29,83,-60,-68,24
GB,United Kingdom,Brighton and Hove,,GB-BNH,,19/05/20,-69,-27,96,-61,-69,25
GB,United Kingdom,Brighton and Hove,,GB-BNH,,20/05/20,-66,-23,147,-56,-68,23
GB,United Kingdom,Brighton and Hove,,GB-BNH,,21/05/20,-68,-22,133,-59,-68,24
GB,United Kingdom,Brighton and Hove,,GB-BNH,,22/05/20,-74,-25,11,-64,-67,26
GB,United Kingdom,Brighton and Hove,,GB-BNH,,23/05/20,-80,-28,-20,-64,-50,17
GB,United Kingdom,Brighton and Hove,,GB-BNH,,24/05/20,-73,-26,63,-50,-47,11
GB,United Kingdom,Brighton and Hove,,GB-BNH,,25/05/20,-60,-27,,-56,-82,23
GB,United Kingdom,Brighton and Hove,,GB-BNH,,26/05/20,-64,-21,131,-57,-67,23
GB,United Kingdom,Brighton and Hove,,GB-BNH,,27/05/20,-66,-22,120,-58,-66,23
GB,United Kingdom,Brighton and Hove,,GB-BNH,,28/05/20,-65,-19,147,-56,-66,23
GB,United Kingdom,Brighton and Hove,,GB-BNH,,29/05/20,-68,-19,110,-55,-64,23
GB,United Kingdom,Brighton and Hove,,GB-BNH,,30/05/20,-73,-19,65,-45,-40,13
GB,United Kingdom,Brighton and Hove,,GB-BNH,,31/05/20,-69,-23,97,-37,-38,10
GB,United Kingdom,Brighton and Hove,,GB-BNH,,01/06/20,-60,-21,,-53,-63,21
GB,United Kingdom,Brighton and Hove,,GB-BNH,,02/06/20,-62,-21,156,-52,-63,21
GB,United Kingdom,Brighton and Hove,,GB-BNH,,03/06/20,-69,-26,44,-62,-64,24
GB,United Kingdom,Brighton and Hove,,GB-BNH,,04/06/20,-68,-25,52,-62,-63,24
GB,United Kingdom,Brighton and Hove,,GB-BNH,,05/06/20,-70,-23,43,-59,-62,24
GB,United Kingdom,Brighton and Hove,,GB-BNH,,06/06/20,-79,-29,-33,-64,-45,17
GB,United Kingdom,Brighton and Hove,,GB-BNH,,07/06/20,-72,-28,45,-50,-38,11
GB,United Kingdom,Brighton and Hove,,GB-BNH,,08/06/20,-62,-24,75,-59,-62,22
GB,United Kingdom,Brighton and Hove,,GB-BNH,,09/06/20,-63,-24,104,-59,-62,22
GB,United Kingdom,Brighton and Hove,,GB-BNH,,10/06/20,-71,-28,-9,-66,-63,25
GB,United Kingdom,Brighton and Hove,,GB-BNH,,11/06/20,-67,-23,52,-63,-62,24
GB,United Kingdom,Brighton and Hove,,GB-BNH,,12/06/20,-72,-25,1,-63,-62,25
GB,United Kingdom,Brighton and Hove,,GB-BNH,,13/06/20,-66,-18,99,-34,-33,10
GB,United Kingdom,Brighton and Hove,,GB-BNH,,14/06/20,-67,-23,85,-39,-32,8
GB,United Kingdom,Brighton and Hove,,GB-BNH,,15/06/20,-48,-18,151,-50,-59,18
GB,United Kingdom,Brighton and Hove,,GB-BNH,,16/06/20,-54,-19,143,-50,-60,20
GB,United Kingdom,Brighton and Hove,,GB-BNH,,17/06/20,-58,-20,83,-56,-60,21
GB,United Kingdom,Brighton and Hove,,GB-BNH,,18/06/20,-59,-18,65,-59,-61,22
GB,United Kingdom,Brighton and Hove,,GB-BNH,,19/06/20,-61,-17,47,-55,-59,21
GB,United Kingdom,Brighton and Hove,,GB-BNH,,20/06/20,-62,-14,67,-43,-30,9
GB,United Kingdom,Brighton and Hove,,GB-BNH,,21/06/20,-64,-24,45,-44,-29,8
GB,United Kingdom,Brighton and Hove,,GB-BNH,,22/06/20,-47,-18,,-50,-60,18
GB,United Kingdom,Brighton and Hove,,GB-BNH,,23/06/20,-48,-14,192,-46,-59,18
GB,United Kingdom,Brighton and Hove,,GB-BNH,,24/06/20,-44,-8,254,-37,-58,17
GB,United Kingdom,Brighton and Hove,,GB-BNH,,25/06/20,-43,-4,270,-34,-59,17
GB,United Kingdom,Brighton and Hove,,GB-BNH,,26/06/20,-56,-13,78,-49,-59,20
GB,United Kingdom,Brighton and Hove,,GB-BNH,,27/06/20,-67,-21,-22,-52,-37,13
GB,United Kingdom,Brighton and Hove,,GB-BNH,,28/06/20,-60,-23,36,-41,-30,9
GB,United Kingdom,Brighton and Hove,,GB-BNH,,29/06/20,-51,-21,52,-54,-59,20
GB,United Kingdom,Brighton and Hove,,GB-BNH,,30/06/20,-59,-25,-19,-61,-60,22
GB,United Kingdom,Brighton and Hove,,GB-BNH,,01/07/20,-50,-16,102,-54,-57,19
GB,United Kingdom,Brighton and Hove,,GB-BNH,,02/07/20,-52,-17,92,-53,-58,19
GB,United Kingdom,Brighton and Hove,,GB-BNH,,03/07/20,-55,-17,48,-52,-57,19
GB,United Kingdom,Brighton and Hove,,GB-BNH,,04/07/20,-58,-23,-42,-51,-32,11
GB,United Kingdom,Brighton and Hove,,GB-BNH,,05/07/20,-46,-22,40,-36,-24,6
GB,United Kingdom,Brighton and Hove,,GB-BNH,,06/07/20,-34,-19,,-48,-58,17
GB,United Kingdom,Brighton and Hove,,GB-BNH,,07/07/20,-37,-16,93,-48,-58,18
GB,United Kingdom,Bristol City,,GB-BST,,15/02/20,-17,-10,-48,-9,-4,3
GB,United Kingdom,Bristol City,,GB-BST,,16/02/20,-7,-5,-34,-1,-1,1
GB,United Kingdom,Bristol City,,GB-BST,,17/02/20,5,-1,11,-3,-11,2
GB,United Kingdom,Bristol City,,GB-BST,,18/02/20,11,0,12,-3,-9,2
GB,United Kingdom,Bristol City,,GB-BST,,19/02/20,5,-3,-16,-2,-9,2
GB,United Kingdom,Bristol City,,GB-BST,,20/02/20,7,-1,3,-4,-10,2
GB,United Kingdom,Bristol City,,GB-BST,,21/02/20,7,-1,12,4,-12,2
GB,United Kingdom,Bristol City,,GB-BST,,22/02/20,-3,-5,-8,10,0,0
GB,United Kingdom,Bristol City,,GB-BST,,23/02/20,3,-1,6,13,2,-1
GB,United Kingdom,Bristol City,,GB-BST,,24/02/20,-7,-3,-15,-1,-1,1
GB,United Kingdom,Bristol City,,GB-BST,,25/02/20,0,4,-3,4,2,0
GB,United Kingdom,Bristol City,,GB-BST,,26/02/20,-2,-2,-4,1,1,0
GB,United Kingdom,Bristol City,,GB-BST,,27/02/20,6,4,41,3,2,-1
GB,United Kingdom,Bristol City,,GB-BST,,28/02/20,0,1,3,12,-3,1
GB,United Kingdom,Bristol City,,GB-BST,,29/02/20,1,1,8,11,0,0
GB,United Kingdom,Bristol City,,GB-BST,,01/03/20,9,4,32,20,3,-2
GB,United Kingdom,Bristol City,,GB-BST,,02/03/20,-2,3,23,0,0,0
GB,United Kingdom,Bristol City,,GB-BST,,03/03/20,5,4,26,-1,2,0
GB,United Kingdom,Bristol City,,GB-BST,,04/03/20,-8,0,-24,-5,0,1
GB,United Kingdom,Bristol City,,GB-BST,,05/03/20,-3,4,-3,-3,0,1
GB,United Kingdom,Bristol City,,GB-BST,,06/03/20,3,4,26,2,0,0
GB,United Kingdom,Bristol City,,GB-BST,,07/03/20,-2,0,11,5,1,-1
GB,United Kingdom,Bristol City,,GB-BST,,08/03/20,7,3,24,12,3,-2
GB,United Kingdom,Bristol City,,GB-BST,,09/03/20,-7,0,1,-4,1,1
GB,United Kingdom,Bristol City,,GB-BST,,10/03/20,-1,3,-7,-2,1,1
GB,United Kingdom,Bristol City,,GB-BST,,11/03/20,-5,3,3,-5,0,1
GB,United Kingdom,Bristol City,,GB-BST,,12/03/20,-8,11,-2,-7,-1,2
GB,United Kingdom,Bristol City,,GB-BST,,13/03/20,-7,10,12,-7,-5,3
GB,United Kingdom,Bristol City,,GB-BST,,14/03/20,-19,6,3,-12,-1,2
GB,United Kingdom,Bristol City,,GB-BST,,15/03/20,-20,5,-9,-12,-5,2
GB,United Kingdom,Bristol City,,GB-BST,,16/03/20,-12,17,48,-18,-10,4
GB,United Kingdom,Bristol City,,GB-BST,,17/03/20,-24,22,6,-34,-22,10
GB,United Kingdom,Bristol City,,GB-BST,,18/03/20,-38,15,-17,-45,-33,15
GB,United Kingdom,Bristol City,,GB-BST,,19/03/20,-39,18,-13,-50,-39,17
GB,United Kingdom,Bristol City,,GB-BST,,20/03/20,-46,4,10,-52,-41,18
GB,United Kingdom,Bristol City,,GB-BST,,21/03/20,-67,-9,18,-55,-30,12
GB,United Kingdom,Bristol City,,GB-BST,,22/03/20,-68,-20,42,-58,-34,10
GB,United Kingdom,Bristol City,,GB-BST,,23/03/20,-58,-17,34,-62,-55,21
GB,United Kingdom,Bristol City,,GB-BST,,24/03/20,-76,-27,9,-73,-66,28
GB,United Kingdom,Bristol City,,GB-BST,,25/03/20,-80,-30,1,-77,-71,30
GB,United Kingdom,Bristol City,,GB-BST,,26/03/20,-79,-32,21,-78,-72,32
GB,United Kingdom,Bristol City,,GB-BST,,27/03/20,-82,-34,-7,-79,-72,33
GB,United Kingdom,Bristol City,,GB-BST,,28/03/20,-88,-44,-44,-80,-59,22
GB,United Kingdom,Bristol City,,GB-BST,,29/03/20,-87,-47,-25,-81,-57,18
GB,United Kingdom,Bristol City,,GB-BST,,30/03/20,-80,-39,-15,-81,-75,31
GB,United Kingdom,Bristol City,,GB-BST,,31/03/20,-79,-33,10,-80,-75,31
GB,United Kingdom,Bristol City,,GB-BST,,01/04/20,-81,-38,-21,-81,-75,33
GB,United Kingdom,Bristol City,,GB-BST,,02/04/20,-81,-37,1,-82,-75,33
GB,United Kingdom,Bristol City,,GB-BST,,03/04/20,-81,-33,11,-79,-73,33
GB,United Kingdom,Bristol City,,GB-BST,,04/04/20,-87,-41,-17,-78,-58,21
GB,United Kingdom,Bristol City,,GB-BST,,05/04/20,-86,-43,-5,-78,-55,18
GB,United Kingdom,Bristol City,,GB-BST,,06/04/20,-79,-36,12,-80,-75,31
GB,United Kingdom,Bristol City,,GB-BST,,07/04/20,-80,-33,22,-80,-75,31
GB,United Kingdom,Bristol City,,GB-BST,,08/04/20,-80,-31,2,-80,-75,32
GB,United Kingdom,Bristol City,,GB-BST,,09/04/20,-78,-21,30,-79,-75,32
GB,United Kingdom,Bristol City,,GB-BST,,10/04/20,-84,-34,18,-83,-84,36
GB,United Kingdom,Bristol City,,GB-BST,,11/04/20,-87,-36,-9,-78,-59,21
GB,United Kingdom,Bristol City,,GB-BST,,12/04/20,-90,-62,0,-79,-58,19
GB,United Kingdom,Bristol City,,GB-BST,,13/04/20,-84,-44,16,-85,-86,35
GB,United Kingdom,Bristol City,,GB-BST,,14/04/20,-78,-29,28,-79,-74,31
GB,United Kingdom,Bristol City,,GB-BST,,15/04/20,-80,-32,11,-79,-74,32
GB,United Kingdom,Bristol City,,GB-BST,,16/04/20,-80,-31,28,-80,-75,32
GB,United Kingdom,Bristol City,,GB-BST,,17/04/20,-84,-37,-43,-83,-74,35
GB,United Kingdom,Bristol City,,GB-BST,,18/04/20,-88,-44,-44,-82,-56,22
GB,United Kingdom,Bristol City,,GB-BST,,19/04/20,-84,-41,24,-77,-50,17
GB,United Kingdom,Bristol City,,GB-BST,,20/04/20,-78,-36,33,-79,-73,30
GB,United Kingdom,Bristol City,,GB-BST,,21/04/20,-77,-33,44,-79,-73,31
GB,United Kingdom,Bristol City,,GB-BST,,22/04/20,-79,-34,19,-79,-73,31
GB,United Kingdom,Bristol City,,GB-BST,,23/04/20,-78,-30,46,-79,-73,31
GB,United Kingdom,Bristol City,,GB-BST,,24/04/20,-79,-31,27,-79,-72,32
GB,United Kingdom,Bristol City,,GB-BST,,25/04/20,-84,-37,8,-76,-53,20
GB,United Kingdom,Bristol City,,GB-BST,,26/04/20,-82,-38,35,-74,-50,16
GB,United Kingdom,Bristol City,,GB-BST,,27/04/20,-77,-35,22,-78,-72,30
GB,United Kingdom,Bristol City,,GB-BST,,28/04/20,-80,-38,-43,-82,-73,29
GB,United Kingdom,Bristol City,,GB-BST,,29/04/20,-80,-36,-20,-81,-72,31
GB,United Kingdom,Bristol City,,GB-BST,,30/04/20,-82,-33,-15,-81,-73,32
GB,United Kingdom,Bristol City,,GB-BST,,01/05/20,-82,-32,-5,-79,-71,32
GB,United Kingdom,Bristol City,,GB-BST,,02/05/20,-85,-35,13,-73,-52,19
GB,United Kingdom,Bristol City,,GB-BST,,03/05/20,-86,-42,-10,-78,-49,17
GB,United Kingdom,Bristol City,,GB-BST,,04/05/20,-77,-33,40,-77,-71,29
GB,United Kingdom,Bristol City,,GB-BST,,05/05/20,-78,-30,34,-78,-71,30
GB,United Kingdom,Bristol City,,GB-BST,,06/05/20,-79,-28,33,-77,-70,29
GB,United Kingdom,Bristol City,,GB-BST,,07/05/20,-77,-23,46,-75,-71,29
GB,United Kingdom,Bristol City,,GB-BST,,08/05/20,-82,-32,56,-78,-82,34
GB,United Kingdom,Bristol City,,GB-BST,,09/05/20,-85,-34,29,-72,-51,18
GB,United Kingdom,Bristol City,,GB-BST,,10/05/20,-86,-42,-24,-77,-49,17
GB,United Kingdom,Bristol City,,GB-BST,,11/05/20,-77,-32,23,-76,-71,29
GB,United Kingdom,Bristol City,,GB-BST,,12/05/20,-75,-28,57,-74,-70,28
GB,United Kingdom,Bristol City,,GB-BST,,13/05/20,-78,-31,15,-76,-69,29
GB,United Kingdom,Bristol City,,GB-BST,,14/05/20,-76,-25,86,-75,-69,27
GB,United Kingdom,Bristol City,,GB-BST,,15/05/20,-78,-27,71,-74,-68,29
GB,United Kingdom,Bristol City,,GB-BST,,16/05/20,-82,-31,44,-71,-48,17
GB,United Kingdom,Bristol City,,GB-BST,,17/05/20,-80,-32,73,-72,-42,14
GB,United Kingdom,Bristol City,,GB-BST,,18/05/20,-74,-28,90,-73,-68,27
GB,United Kingdom,Bristol City,,GB-BST,,19/05/20,-73,-24,109,-72,-68,27
GB,United Kingdom,Bristol City,,GB-BST,,20/05/20,-74,-23,110,-72,-67,26
GB,United Kingdom,Bristol City,,GB-BST,,21/05/20,-74,-22,125,-73,-67,27
GB,United Kingdom,Bristol City,,GB-BST,,22/05/20,-76,-23,62,-74,-66,28
GB,United Kingdom,Bristol City,,GB-BST,,23/05/20,-82,-31,11,-74,-44,17
GB,United Kingdom,Bristol City,,GB-BST,,24/05/20,-77,-26,118,-66,-38,11
GB,United Kingdom,Bristol City,,GB-BST,,25/05/20,-74,-30,227,-74,-82,26
GB,United Kingdom,Bristol City,,GB-BST,,26/05/20,-69,-18,139,-71,-66,25
GB,United Kingdom,Bristol City,,GB-BST,,27/05/20,-72,-20,108,-71,-65,25
GB,United Kingdom,Bristol City,,GB-BST,,28/05/20,-72,-18,148,-71,-65,26
GB,United Kingdom,Bristol City,,GB-BST,,29/05/20,-73,-16,142,-69,-64,25
GB,United Kingdom,Bristol City,,GB-BST,,30/05/20,-80,-22,104,-65,-32,12
GB,United Kingdom,Bristol City,,GB-BST,,31/05/20,-76,-23,116,-65,-29,10
GB,United Kingdom,Bristol City,,GB-BST,,01/06/20,-68,-20,126,-68,-62,23
GB,United Kingdom,Bristol City,,GB-BST,,02/06/20,-68,-18,155,-68,-62,23
GB,United Kingdom,Bristol City,,GB-BST,,03/06/20,-73,-28,-15,-74,-63,27
GB,United Kingdom,Bristol City,,GB-BST,,04/06/20,-71,-21,61,-72,-62,26
GB,United Kingdom,Bristol City,,GB-BST,,05/06/20,-72,-19,78,-69,-61,25
GB,United Kingdom,Bristol City,,GB-BST,,06/06/20,-79,-27,17,-68,-34,15
GB,United Kingdom,Bristol City,,GB-BST,,07/06/20,-67,-23,126,-45,-27,10
GB,United Kingdom,Bristol City,,GB-BST,,08/06/20,-68,-22,109,-65,-61,23
GB,United Kingdom,Bristol City,,GB-BST,,09/06/20,-67,-19,123,-66,-61,24
GB,United Kingdom,Bristol City,,GB-BST,,10/06/20,-71,-25,26,-70,-61,25
GB,United Kingdom,Bristol City,,GB-BST,,11/06/20,-71,-23,26,-73,-61,26
GB,United Kingdom,Bristol City,,GB-BST,,12/06/20,-72,-23,22,-72,-60,26
GB,United Kingdom,Bristol City,,GB-BST,,13/06/20,-75,-23,88,-63,-27,12
GB,United Kingdom,Bristol City,,GB-BST,,14/06/20,-73,-26,85,-64,-25,11
GB,United Kingdom,Bristol City,,GB-BST,,15/06/20,-58,-20,137,-64,-60,22
GB,United Kingdom,Bristol City,,GB-BST,,16/06/20,-61,-19,92,-67,-60,23
GB,United Kingdom,Bristol City,,GB-BST,,17/06/20,-65,-25,33,-68,-60,24
GB,United Kingdom,Bristol City,,GB-BST,,18/06/20,-68,-23,-23,-72,-62,26
GB,United Kingdom,Bristol City,,GB-BST,,19/06/20,-64,-15,63,-66,-59,23
GB,United Kingdom,Bristol City,,GB-BST,,20/06/20,-69,-17,91,-56,-24,10
GB,United Kingdom,Bristol City,,GB-BST,,21/06/20,-68,-22,94,-59,-17,8
GB,United Kingdom,Bristol City,,GB-BST,,22/06/20,-58,-19,146,-63,-60,21
GB,United Kingdom,Bristol City,,GB-BST,,23/06/20,-57,-12,178,-62,-59,20
GB,United Kingdom,Bristol City,,GB-BST,,24/06/20,-63,-13,144,-63,-58,20
GB,United Kingdom,Bristol City,,GB-BST,,25/06/20,-62,-10,179,-63,-58,20
GB,United Kingdom,Bristol City,,GB-BST,,26/06/20,-63,-13,127,-62,-57,21
GB,United Kingdom,Bristol City,,GB-BST,,27/06/20,-71,-23,-2,-61,-28,13
GB,United Kingdom,Bristol City,,GB-BST,,28/06/20,-67,-24,44,-60,-21,10
GB,United Kingdom,Bristol City,,GB-BST,,29/06/20,-58,-21,48,-65,-58,22
GB,United Kingdom,Bristol City,,GB-BST,,30/06/20,-52,-16,70,-64,-57,21
GB,United Kingdom,Bristol City,,GB-BST,,01/07/20,-56,-19,60,-63,-57,21
GB,United Kingdom,Bristol City,,GB-BST,,02/07/20,-56,-18,76,-64,-57,22
GB,United Kingdom,Bristol City,,GB-BST,,03/07/20,-60,-18,31,-63,-56,22
GB,United Kingdom,Bristol City,,GB-BST,,04/07/20,-62,-22,9,-53,-22,9
GB,United Kingdom,Bristol City,,GB-BST,,05/07/20,-57,-22,67,-52,-18,7
GB,United Kingdom,Bristol City,,GB-BST,,06/07/20,-48,-18,118,-58,-58,18
GB,United Kingdom,Bristol City,,GB-BST,,07/07/20,-48,-18,70,-59,-58,19
GB,United Kingdom,Cardiff,,GB-CRF,,15/02/20,-15,-4,-29,-12,-3,2
GB,United Kingdom,Cardiff,,GB-CRF,,16/02/20,-13,-7,-15,-7,-2,1
GB,United Kingdom,Cardiff,,GB-CRF,,17/02/20,7,1,4,-2,-14,2
GB,United Kingdom,Cardiff,,GB-CRF,,18/02/20,7,-1,8,-4,-13,2
GB,United Kingdom,Cardiff,,GB-CRF,,19/02/20,3,-1,-12,-6,-13,3
GB,United Kingdom,Cardiff,,GB-CRF,,20/02/20,10,-1,-1,-5,-14,3
GB,United Kingdom,Cardiff,,GB-CRF,,21/02/20,9,1,14,6,-15,3
GB,United Kingdom,Cardiff,,GB-CRF,,22/02/20,20,-2,43,30,-1,0
GB,United Kingdom,Cardiff,,GB-CRF,,23/02/20,1,-3,11,18,0,0
GB,United Kingdom,Cardiff,,GB-CRF,,24/02/20,-10,-4,-12,1,-2,1
GB,United Kingdom,Cardiff,,GB-CRF,,25/02/20,-9,1,-3,-1,1,0
GB,United Kingdom,Cardiff,,GB-CRF,,26/02/20,-2,-1,3,-1,1,0
GB,United Kingdom,Cardiff,,GB-CRF,,27/02/20,2,1,14,1,1,0
GB,United Kingdom,Cardiff,,GB-CRF,,28/02/20,-10,-4,-19,1,-2,1
GB,United Kingdom,Cardiff,,GB-CRF,,29/02/20,-4,3,-12,-9,2,1
GB,United Kingdom,Cardiff,,GB-CRF,,01/03/20,-1,3,2,6,2,-1
GB,United Kingdom,Cardiff,,GB-CRF,,02/03/20,9,2,6,3,0,0
GB,United Kingdom,Cardiff,,GB-CRF,,03/03/20,4,4,12,0,1,0
GB,United Kingdom,Cardiff,,GB-CRF,,04/03/20,-1,1,-17,-3,1,1
GB,United Kingdom,Cardiff,,GB-CRF,,05/03/20,-1,5,-3,-2,1,1
GB,United Kingdom,Cardiff,,GB-CRF,,06/03/20,0,7,10,4,0,0
GB,United Kingdom,Cardiff,,GB-CRF,,07/03/20,-8,0,-3,-1,1,0
GB,United Kingdom,Cardiff,,GB-CRF,,08/03/20,-5,2,15,4,2,-1
GB,United Kingdom,Cardiff,,GB-CRF,,09/03/20,-4,1,-12,-3,-2,1
GB,United Kingdom,Cardiff,,GB-CRF,,10/03/20,-1,2,-10,-2,-1,2
GB,United Kingdom,Cardiff,,GB-CRF,,11/03/20,3,5,5,-5,-2,1
GB,United Kingdom,Cardiff,,GB-CRF,,12/03/20,-6,9,-11,-9,-3,2
GB,United Kingdom,Cardiff,,GB-CRF,,13/03/20,-6,12,4,-5,-6,3
GB,United Kingdom,Cardiff,,GB-CRF,,14/03/20,-9,9,-2,-16,-4,3
GB,United Kingdom,Cardiff,,GB-CRF,,15/03/20,-12,7,-12,-8,-6,3
GB,United Kingdom,Cardiff,,GB-CRF,,16/03/20,-7,17,15,-16,-10,4
GB,United Kingdom,Cardiff,,GB-CRF,,17/03/20,-26,16,-21,-35,-20,9
GB,United Kingdom,Cardiff,,GB-CRF,,18/03/20,-35,13,-39,-45,-30,13
GB,United Kingdom,Cardiff,,GB-CRF,,19/03/20,-36,15,-33,-49,-36,15
GB,United Kingdom,Cardiff,,GB-CRF,,20/03/20,-44,3,-23,-52,-40,16
GB,United Kingdom,Cardiff,,GB-CRF,,21/03/20,-62,-5,-25,-61,-32,12
GB,United Kingdom,Cardiff,,GB-CRF,,22/03/20,-66,-18,-15,-55,-34,10
GB,United Kingdom,Cardiff,,GB-CRF,,23/03/20,-56,-17,-25,-63,-54,19
GB,United Kingdom,Cardiff,,GB-CRF,,24/03/20,-76,-30,-37,-75,-66,26
GB,United Kingdom,Cardiff,,GB-CRF,,25/03/20,-78,-33,-35,-78,-70,28
GB,United Kingdom,Cardiff,,GB-CRF,,26/03/20,-78,-34,-32,-79,-72,29
GB,United Kingdom,Cardiff,,GB-CRF,,27/03/20,-82,-32,-43,-80,-71,30
GB,United Kingdom,Cardiff,,GB-CRF,,28/03/20,-87,-41,-65,-82,-61,21
GB,United Kingdom,Cardiff,,GB-CRF,,29/03/20,-86,-45,-48,-79,-59,17
GB,United Kingdom,Cardiff,,GB-CRF,,30/03/20,-80,-37,-47,-80,-74,28
GB,United Kingdom,Cardiff,,GB-CRF,,31/03/20,-79,-35,-32,-80,-74,29
GB,United Kingdom,Cardiff,,GB-CRF,,01/04/20,-80,-36,-46,-82,-74,29
GB,United Kingdom,Cardiff,,GB-CRF,,02/04/20,-80,-36,-38,-81,-74,30
GB,United Kingdom,Cardiff,,GB-CRF,,03/04/20,-80,-31,-38,-79,-73,30
GB,United Kingdom,Cardiff,,GB-CRF,,04/04/20,-85,-37,-48,-80,-61,20
GB,United Kingdom,Cardiff,,GB-CRF,,05/04/20,-84,-43,-42,-76,-59,16
GB,United Kingdom,Cardiff,,GB-CRF,,06/04/20,-77,-35,-38,-78,-74,27
GB,United Kingdom,Cardiff,,GB-CRF,,07/04/20,-78,-33,-33,-79,-74,29
GB,United Kingdom,Cardiff,,GB-CRF,,08/04/20,-78,-30,-32,-80,-74,29
GB,United Kingdom,Cardiff,,GB-CRF,,09/04/20,-75,-23,-32,-78,-74,28
GB,United Kingdom,Cardiff,,GB-CRF,,10/04/20,-81,-34,-37,-81,-83,32
GB,United Kingdom,Cardiff,,GB-CRF,,11/04/20,-84,-32,-47,-79,-60,20
GB,United Kingdom,Cardiff,,GB-CRF,,12/04/20,-89,-65,-40,-76,-61,17
GB,United Kingdom,Cardiff,,GB-CRF,,13/04/20,-81,-45,-33,-85,-85,31
GB,United Kingdom,Cardiff,,GB-CRF,,14/04/20,-75,-29,-26,-79,-74,28
GB,United Kingdom,Cardiff,,GB-CRF,,15/04/20,-77,-31,-30,-78,-73,28
GB,United Kingdom,Cardiff,,GB-CRF,,16/04/20,-77,-32,-28,-79,-73,29
GB,United Kingdom,Cardiff,,GB-CRF,,17/04/20,-83,-36,-66,-81,-73,31
GB,United Kingdom,Cardiff,,GB-CRF,,18/04/20,-87,-40,-60,-80,-58,20
GB,United Kingdom,Cardiff,,GB-CRF,,19/04/20,-83,-42,-26,-73,-53,16
GB,United Kingdom,Cardiff,,GB-CRF,,20/04/20,-76,-36,-26,-76,-72,26
GB,United Kingdom,Cardiff,,GB-CRF,,21/04/20,-77,-34,-15,-78,-72,28
GB,United Kingdom,Cardiff,,GB-CRF,,22/04/20,-77,-34,-24,-78,-72,28
GB,United Kingdom,Cardiff,,GB-CRF,,23/04/20,-76,-32,-21,-77,-71,28
GB,United Kingdom,Cardiff,,GB-CRF,,24/04/20,-79,-31,-27,-77,-70,29
GB,United Kingdom,Cardiff,,GB-CRF,,25/04/20,-83,-34,-39,-77,-55,19
GB,United Kingdom,Cardiff,,GB-CRF,,26/04/20,-82,-40,-26,-70,-53,15
GB,United Kingdom,Cardiff,,GB-CRF,,27/04/20,-76,-35,-30,-77,-71,26
GB,United Kingdom,Cardiff,,GB-CRF,,28/04/20,-81,-39,-62,-80,-72,27
GB,United Kingdom,Cardiff,,GB-CRF,,29/04/20,-79,-36,-48,-78,-71,29
GB,United Kingdom,Cardiff,,GB-CRF,,30/04/20,-79,-34,-42,-76,-71,29
GB,United Kingdom,Cardiff,,GB-CRF,,01/05/20,-80,-31,-41,-74,-69,29
GB,United Kingdom,Cardiff,,GB-CRF,,02/05/20,-83,-33,-29,-70,-52,18
GB,United Kingdom,Cardiff,,GB-CRF,,03/05/20,-83,-41,-38,-69,-51,16
GB,United Kingdom,Cardiff,,GB-CRF,,04/05/20,-73,-32,-10,-70,-70,25
GB,United Kingdom,Cardiff,,GB-CRF,,05/05/20,-77,-33,-26,-73,-69,27
GB,United Kingdom,Cardiff,,GB-CRF,,06/05/20,-75,-28,-8,-71,-69,26
GB,United Kingdom,Cardiff,,GB-CRF,,07/05/20,-73,-21,-10,-72,-69,26
GB,United Kingdom,Cardiff,,GB-CRF,,08/05/20,-79,-32,-13,-75,-80,31
GB,United Kingdom,Cardiff,,GB-CRF,,09/05/20,-82,-30,-23,-69,-52,18
GB,United Kingdom,Cardiff,,GB-CRF,,10/05/20,-84,-40,-44,-68,-50,15
GB,United Kingdom,Cardiff,,GB-CRF,,11/05/20,-73,-29,-24,-71,-69,25
GB,United Kingdom,Cardiff,,GB-CRF,,12/05/20,-73,-27,-8,-70,-68,26
GB,United Kingdom,Cardiff,,GB-CRF,,13/05/20,-76,-30,-28,-72,-68,27
GB,United Kingdom,Cardiff,,GB-CRF,,14/05/20,-73,-27,-10,-69,-68,25
GB,United Kingdom,Cardiff,,GB-CRF,,15/05/20,-76,-25,-22,-68,-67,27
GB,United Kingdom,Cardiff,,GB-CRF,,16/05/20,-80,-30,-32,-65,-49,17
GB,United Kingdom,Cardiff,,GB-CRF,,17/05/20,-79,-35,-18,-62,-46,14
GB,United Kingdom,Cardiff,,GB-CRF,,18/05/20,-69,-28,-7,-65,-67,24
GB,United Kingdom,Cardiff,,GB-CRF,,19/05/20,-71,-27,-1,-67,-67,25
GB,United Kingdom,Cardiff,,GB-CRF,,20/05/20,-71,-23,-6,-71,-67,25
GB,United Kingdom,Cardiff,,GB-CRF,,21/05/20,-71,-22,-12,-72,-67,25
GB,United Kingdom,Cardiff,,GB-CRF,,22/05/20,-75,-22,-37,-71,-66,27
GB,United Kingdom,Cardiff,,GB-CRF,,23/05/20,-81,-28,-53,-71,-49,18
GB,United Kingdom,Cardiff,,GB-CRF,,24/05/20,-75,-28,4,-62,-43,13
GB,United Kingdom,Cardiff,,GB-CRF,,25/05/20,-69,-31,28,-74,-81,26
GB,United Kingdom,Cardiff,,GB-CRF,,26/05/20,-67,-20,4,-70,-66,24
GB,United Kingdom,Cardiff,,GB-CRF,,27/05/20,-69,-22,-3,-70,-65,25
GB,United Kingdom,Cardiff,,GB-CRF,,28/05/20,-68,-19,-4,-72,-65,25
GB,United Kingdom,Cardiff,,GB-CRF,,29/05/20,-72,-17,-9,-68,-64,25
GB,United Kingdom,Cardiff,,GB-CRF,,30/05/20,-76,-21,-18,-66,-39,15
GB,United Kingdom,Cardiff,,GB-CRF,,31/05/20,-73,-25,1,-60,-35,12
GB,United Kingdom,Cardiff,,GB-CRF,,01/06/20,-63,-19,12,-65,-64,21
GB,United Kingdom,Cardiff,,GB-CRF,,02/06/20,-66,-22,19,-68,-63,22
GB,United Kingdom,Cardiff,,GB-CRF,,03/06/20,-74,-28,-47,-73,-64,26
GB,United Kingdom,Cardiff,,GB-CRF,,04/06/20,-69,-22,-19,-68,-63,24
GB,United Kingdom,Cardiff,,GB-CRF,,05/06/20,-72,-21,-12,-64,-61,25
GB,United Kingdom,Cardiff,,GB-CRF,,06/06/20,-76,-24,-29,-60,-40,16
GB,United Kingdom,Cardiff,,GB-CRF,,07/06/20,-72,-28,18,-53,-34,11
GB,United Kingdom,Cardiff,,GB-CRF,,08/06/20,-64,-23,5,-61,-62,22
GB,United Kingdom,Cardiff,,GB-CRF,,09/06/20,-66,-24,21,-62,-61,22
GB,United Kingdom,Cardiff,,GB-CRF,,10/06/20,-70,-26,-24,-67,-62,24
GB,United Kingdom,Cardiff,,GB-CRF,,11/06/20,-70,-22,-20,-73,-62,24
GB,United Kingdom,Cardiff,,GB-CRF,,12/06/20,-72,-22,-20,-71,-60,25
GB,United Kingdom,Cardiff,,GB-CRF,,13/06/20,-73,-20,-10,-67,-31,14
GB,United Kingdom,Cardiff,,GB-CRF,,14/06/20,-70,-25,14,-61,-27,11
GB,United Kingdom,Cardiff,,GB-CRF,,15/06/20,-58,-20,27,-66,-60,20
GB,United Kingdom,Cardiff,,GB-CRF,,16/06/20,-63,-20,22,-69,-61,22
GB,United Kingdom,Cardiff,,GB-CRF,,17/06/20,-67,-21,-5,-71,-60,23
GB,United Kingdom,Cardiff,,GB-CRF,,18/06/20,-72,-27,-44,-74,-62,25
GB,United Kingdom,Cardiff,,GB-CRF,,19/06/20,-69,-15,2,-68,-60,23
GB,United Kingdom,Cardiff,,GB-CRF,,20/06/20,-71,-14,16,-64,-28,12
GB,United Kingdom,Cardiff,,GB-CRF,,21/06/20,-71,-23,3,-59,-22,10
GB,United Kingdom,Cardiff,,GB-CRF,,22/06/20,-54,-20,37,-64,-61,19
GB,United Kingdom,Cardiff,,GB-CRF,,23/06/20,-56,-17,54,-64,-60,20
GB,United Kingdom,Cardiff,,GB-CRF,,24/06/20,-58,-15,36,-65,-59,20
GB,United Kingdom,Cardiff,,GB-CRF,,25/06/20,-58,-14,,-65,-60,20
GB,United Kingdom,Cardiff,,GB-CRF,,26/06/20,-61,-12,22,-63,-58,21
GB,United Kingdom,Cardiff,,GB-CRF,,27/06/20,-68,-19,-15,-67,-33,13
GB,United Kingdom,Cardiff,,GB-CRF,,28/06/20,-65,-24,-7,-59,-24,11
GB,United Kingdom,Cardiff,,GB-CRF,,29/06/20,-55,-19,-1,-62,-58,20
GB,United Kingdom,Cardiff,,GB-CRF,,30/06/20,-55,-19,-2,-65,-58,20
GB,United Kingdom,Cardiff,,GB-CRF,,01/07/20,-54,-17,8,-65,-58,20
GB,United Kingdom,Cardiff,,GB-CRF,,02/07/20,-52,-16,11,-65,-57,20
GB,United Kingdom,Cardiff,,GB-CRF,,03/07/20,-61,-18,-22,-66,-56,21
GB,United Kingdom,Cardiff,,GB-CRF,,04/07/20,-66,-20,-41,-67,-30,13
GB,United Kingdom,Cardiff,,GB-CRF,,05/07/20,-59,-22,5,-57,-22,9
GB,United Kingdom,Cardiff,,GB-CRF,,06/07/20,-44,-17,29,-60,-57,17
GB,United Kingdom,Cardiff,,GB-CRF,,07/07/20,-50,-21,3,-62,-58,19
GB,United Kingdom,Edinburgh,,GB-EDH,,15/02/20,-4,-7,-29,-6,-2,2
GB,United Kingdom,Edinburgh,,GB-EDH,,16/02/20,6,3,7,6,1,0
GB,United Kingdom,Edinburgh,,GB-EDH,,17/02/20,9,-1,25,9,-3,1
GB,United Kingdom,Edinburgh,,GB-EDH,,18/02/20,7,1,19,7,-1,0
GB,United Kingdom,Edinburgh,,GB-EDH,,19/02/20,9,0,24,8,0,0
GB,United Kingdom,Edinburgh,,GB-EDH,,20/02/20,7,0,21,8,-1,0
GB,United Kingdom,Edinburgh,,GB-EDH,,21/02/20,-1,-1,-9,8,-2,1
GB,United Kingdom,Edinburgh,,GB-EDH,,22/02/20,-6,-5,-29,-4,0,2
GB,United Kingdom,Edinburgh,,GB-EDH,,23/02/20,1,2,15,10,3,-1
GB,United Kingdom,Edinburgh,,GB-EDH,,24/02/20,-7,-5,-12,1,-2,2
GB,United Kingdom,Edinburgh,,GB-EDH,,25/02/20,1,4,8,2,-1,0
GB,United Kingdom,Edinburgh,,GB-EDH,,26/02/20,3,0,17,2,0,0
GB,United Kingdom,Edinburgh,,GB-EDH,,27/02/20,4,0,24,3,0,-1
GB,United Kingdom,Edinburgh,,GB-EDH,,28/02/20,4,0,-11,7,0,0
GB,United Kingdom,Edinburgh,,GB-EDH,,29/02/20,6,1,-3,5,3,0
GB,United Kingdom,Edinburgh,,GB-EDH,,01/03/20,-1,-1,-16,2,3,0
GB,United Kingdom,Edinburgh,,GB-EDH,,02/03/20,4,2,16,1,-1,0
GB,United Kingdom,Edinburgh,,GB-EDH,,03/03/20,11,3,18,3,0,0
GB,United Kingdom,Edinburgh,,GB-EDH,,04/03/20,6,5,20,1,0,0
GB,United Kingdom,Edinburgh,,GB-EDH,,05/03/20,4,4,24,0,-1,0
GB,United Kingdom,Edinburgh,,GB-EDH,,06/03/20,1,5,8,4,-1,0
GB,United Kingdom,Edinburgh,,GB-EDH,,07/03/20,4,3,0,5,2,0
GB,United Kingdom,Edinburgh,,GB-EDH,,08/03/20,30,6,29,20,5,-1
GB,United Kingdom,Edinburgh,,GB-EDH,,09/03/20,2,2,19,4,-2,1
GB,United Kingdom,Edinburgh,,GB-EDH,,10/03/20,-1,2,-7,-5,-2,2
GB,United Kingdom,Edinburgh,,GB-EDH,,11/03/20,-1,4,-2,-6,-3,1
GB,United Kingdom,Edinburgh,,GB-EDH,,12/03/20,-5,10,-6,-10,-5,3
GB,United Kingdom,Edinburgh,,GB-EDH,,13/03/20,-9,11,-6,-12,-10,4
GB,United Kingdom,Edinburgh,,GB-EDH,,14/03/20,-16,8,-15,-19,-5,4
GB,United Kingdom,Edinburgh,,GB-EDH,,15/03/20,-14,8,-1,-18,-6,3
GB,United Kingdom,Edinburgh,,GB-EDH,,16/03/20,-14,12,-5,-27,-18,7
GB,United Kingdom,Edinburgh,,GB-EDH,,17/03/20,-27,12,-18,-39,-29,12
GB,United Kingdom,Edinburgh,,GB-EDH,,18/03/20,-33,15,-10,-46,-38,15
GB,United Kingdom,Edinburgh,,GB-EDH,,19/03/20,-36,14,17,-49,-42,16
GB,United Kingdom,Edinburgh,,GB-EDH,,20/03/20,-46,3,-8,-52,-43,17
GB,United Kingdom,Edinburgh,,GB-EDH,,21/03/20,-64,-7,-38,-60,-37,13
GB,United Kingdom,Edinburgh,,GB-EDH,,22/03/20,-66,-18,4,-62,-43,11
GB,United Kingdom,Edinburgh,,GB-EDH,,23/03/20,-61,-19,-26,-66,-62,23
GB,United Kingdom,Edinburgh,,GB-EDH,,24/03/20,-78,-29,-37,-78,-74,29
GB,United Kingdom,Edinburgh,,GB-EDH,,25/03/20,-80,-33,-32,-81,-78,31
GB,United Kingdom,Edinburgh,,GB-EDH,,26/03/20,-83,-36,-50,-84,-80,33
GB,United Kingdom,Edinburgh,,GB-EDH,,27/03/20,-84,-36,-65,-84,-79,33
GB,United Kingdom,Edinburgh,,GB-EDH,,28/03/20,-87,-39,-64,-83,-67,22
GB,United Kingdom,Edinburgh,,GB-EDH,,29/03/20,-86,-44,-42,-83,-67,18
GB,United Kingdom,Edinburgh,,GB-EDH,,30/03/20,-81,-39,-31,-84,-81,31
GB,United Kingdom,Edinburgh,,GB-EDH,,31/03/20,-82,-36,-34,-83,-81,32
GB,United Kingdom,Edinburgh,,GB-EDH,,01/04/20,-82,-36,-34,-84,-80,32
GB,United Kingdom,Edinburgh,,GB-EDH,,02/04/20,-83,-37,-36,-86,-81,33
GB,United Kingdom,Edinburgh,,GB-EDH,,03/04/20,-84,-37,-55,-85,-80,33
GB,United Kingdom,Edinburgh,,GB-EDH,,04/04/20,-87,-39,-60,-85,-68,22
GB,United Kingdom,Edinburgh,,GB-EDH,,05/04/20,-86,-42,-34,-83,-67,18
GB,United Kingdom,Edinburgh,,GB-EDH,,06/04/20,-81,-39,-25,-84,-81,31
GB,United Kingdom,Edinburgh,,GB-EDH,,07/04/20,-82,-36,-18,-83,-81,32
GB,United Kingdom,Edinburgh,,GB-EDH,,08/04/20,-82,-35,-19,-83,-81,31
GB,United Kingdom,Edinburgh,,GB-EDH,,09/04/20,-82,-35,-42,-85,-81,32
GB,United Kingdom,Edinburgh,,GB-EDH,,10/04/20,-84,-35,-49,-85,-83,34
GB,United Kingdom,Edinburgh,,GB-EDH,,11/04/20,-86,-34,-52,-83,-68,22
GB,United Kingdom,Edinburgh,,GB-EDH,,12/04/20,-88,-49,-45,-85,-68,19
GB,United Kingdom,Edinburgh,,GB-EDH,,13/04/20,-84,-46,-19,-86,-86,32
GB,United Kingdom,Edinburgh,,GB-EDH,,14/04/20,-81,-38,-32,-84,-81,32
GB,United Kingdom,Edinburgh,,GB-EDH,,15/04/20,-81,-36,-9,-82,-80,31
GB,United Kingdom,Edinburgh,,GB-EDH,,16/04/20,-83,-39,-42,-85,-81,33
GB,United Kingdom,Edinburgh,,GB-EDH,,17/04/20,-84,-35,-53,-85,-79,33
GB,United Kingdom,Edinburgh,,GB-EDH,,18/04/20,-86,-35,-53,-83,-65,21
GB,United Kingdom,Edinburgh,,GB-EDH,,19/04/20,-85,-39,-29,-82,-65,17
GB,United Kingdom,Edinburgh,,GB-EDH,,20/04/20,-80,-37,-15,-83,-79,30
GB,United Kingdom,Edinburgh,,GB-EDH,,21/04/20,-81,-34,-18,-83,-80,31
GB,United Kingdom,Edinburgh,,GB-EDH,,22/04/20,-82,-35,-22,-83,-79,31
GB,United Kingdom,Edinburgh,,GB-EDH,,23/04/20,-81,-34,-15,-83,-79,32
GB,United Kingdom,Edinburgh,,GB-EDH,,24/04/20,-82,-32,-27,-81,-78,32
GB,United Kingdom,Edinburgh,,GB-EDH,,25/04/20,-85,-33,-41,-80,-65,20
GB,United Kingdom,Edinburgh,,GB-EDH,,26/04/20,-83,-38,-22,-80,-64,17
GB,United Kingdom,Edinburgh,,GB-EDH,,27/04/20,-79,-36,-14,-81,-79,30
GB,United Kingdom,Edinburgh,,GB-EDH,,28/04/20,-80,-35,-28,-82,-79,29
GB,United Kingdom,Edinburgh,,GB-EDH,,29/04/20,-82,-38,-46,-83,-79,32
GB,United Kingdom,Edinburgh,,GB-EDH,,30/04/20,-81,-33,-36,-83,-79,32
GB,United Kingdom,Edinburgh,,GB-EDH,,01/05/20,-81,-31,-34,-81,-77,32
GB,United Kingdom,Edinburgh,,GB-EDH,,02/05/20,-83,-31,-40,-78,-63,20
GB,United Kingdom,Edinburgh,,GB-EDH,,03/05/20,-83,-37,-34,-80,-63,17
GB,United Kingdom,Edinburgh,,GB-EDH,,04/05/20,-78,-36,-16,-81,-80,30
GB,United Kingdom,Edinburgh,,GB-EDH,,05/05/20,-78,-31,-2,-80,-78,30
GB,United Kingdom,Edinburgh,,GB-EDH,,06/05/20,-78,-29,23,-78,-78,29
GB,United Kingdom,Edinburgh,,GB-EDH,,07/05/20,-78,-28,-4,-80,-78,30
GB,United Kingdom,Edinburgh,,GB-EDH,,08/05/20,-80,-27,-11,-79,-79,31
GB,United Kingdom,Edinburgh,,GB-EDH,,09/05/20,-83,-30,-36,-78,-62,19
GB,United Kingdom,Edinburgh,,GB-EDH,,10/05/20,-83,-37,-47,-81,-61,17
GB,United Kingdom,Edinburgh,,GB-EDH,,11/05/20,-77,-32,-1,-79,-77,29
GB,United Kingdom,Edinburgh,,GB-EDH,,12/05/20,-79,-33,-29,-81,-77,31
GB,United Kingdom,Edinburgh,,GB-EDH,,13/05/20,-78,-29,-9,-79,-76,30
GB,United Kingdom,Edinburgh,,GB-EDH,,14/05/20,-78,-28,-1,-80,-77,29
GB,United Kingdom,Edinburgh,,GB-EDH,,15/05/20,-80,-28,-28,-79,-76,30
GB,United Kingdom,Edinburgh,,GB-EDH,,16/05/20,-83,-29,-42,-78,-61,19
GB,United Kingdom,Edinburgh,,GB-EDH,,17/05/20,-82,-35,-44,-81,-58,17
GB,United Kingdom,Edinburgh,,GB-EDH,,18/05/20,-76,-32,-18,-79,-77,29
GB,United Kingdom,Edinburgh,,GB-EDH,,19/05/20,-77,-28,-6,-79,-76,30
GB,United Kingdom,Edinburgh,,GB-EDH,,20/05/20,-76,-26,65,-75,-75,27
GB,United Kingdom,Edinburgh,,GB-EDH,,21/05/20,-77,-29,18,-79,-76,29
GB,United Kingdom,Edinburgh,,GB-EDH,,22/05/20,-79,-29,-45,-80,-75,31
GB,United Kingdom,Edinburgh,,GB-EDH,,23/05/20,-83,-34,-69,-81,-58,21
GB,United Kingdom,Edinburgh,,GB-EDH,,24/05/20,-80,-33,-16,-77,-55,16
GB,United Kingdom,Edinburgh,,GB-EDH,,25/05/20,-74,-30,39,-77,-78,27
GB,United Kingdom,Edinburgh,,GB-EDH,,26/05/20,-75,-26,42,-76,-74,28
GB,United Kingdom,Edinburgh,,GB-EDH,,27/05/20,-75,-26,43,-76,-73,28
GB,United Kingdom,Edinburgh,,GB-EDH,,28/05/20,-74,-22,69,-76,-73,28
GB,United Kingdom,Edinburgh,,GB-EDH,,29/05/20,-75,-18,52,-73,-72,25
GB,United Kingdom,Edinburgh,,GB-EDH,,30/05/20,-78,-20,24,-70,-45,13
GB,United Kingdom,Edinburgh,,GB-EDH,,31/05/20,-76,-23,46,-70,-43,11
GB,United Kingdom,Edinburgh,,GB-EDH,,01/06/20,-70,-24,85,-73,-72,24
GB,United Kingdom,Edinburgh,,GB-EDH,,02/06/20,-74,-28,8,-77,-73,28
GB,United Kingdom,Edinburgh,,GB-EDH,,03/06/20,-74,-26,0,-76,-72,28
GB,United Kingdom,Edinburgh,,GB-EDH,,04/06/20,-75,-28,-9,-77,-72,28
GB,United Kingdom,Edinburgh,,GB-EDH,,05/06/20,-76,-26,-26,-77,-71,28
GB,United Kingdom,Edinburgh,,GB-EDH,,06/06/20,-77,-24,-1,-72,-46,16
GB,United Kingdom,Edinburgh,,GB-EDH,,07/06/20,-75,-29,12,-72,-46,13
GB,United Kingdom,Edinburgh,,GB-EDH,,08/06/20,-70,-27,51,-74,-70,25
GB,United Kingdom,Edinburgh,,GB-EDH,,09/06/20,-73,-27,7,-76,-71,27
GB,United Kingdom,Edinburgh,,GB-EDH,,10/06/20,-75,-29,-31,-78,-71,28
GB,United Kingdom,Edinburgh,,GB-EDH,,11/06/20,-71,-23,33,-76,-70,27
GB,United Kingdom,Edinburgh,,GB-EDH,,12/06/20,-75,-25,-25,-77,-69,28
GB,United Kingdom,Edinburgh,,GB-EDH,,13/06/20,-79,-26,-52,-78,-47,18
GB,United Kingdom,Edinburgh,,GB-EDH,,14/06/20,-74,-27,12,-74,-40,13
GB,United Kingdom,Edinburgh,,GB-EDH,,15/06/20,-70,-26,11,-75,-70,26
GB,United Kingdom,Edinburgh,,GB-EDH,,16/06/20,-70,-22,32,-74,-70,26
GB,United Kingdom,Edinburgh,,GB-EDH,,17/06/20,-69,-20,60,-73,-69,25
GB,United Kingdom,Edinburgh,,GB-EDH,,18/06/20,-69,-21,40,-74,-69,26
GB,United Kingdom,Edinburgh,,GB-EDH,,19/06/20,-72,-19,-11,-75,-68,26
GB,United Kingdom,Edinburgh,,GB-EDH,,20/06/20,-73,-15,31,-68,-38,10
GB,United Kingdom,Edinburgh,,GB-EDH,,21/06/20,-74,-28,-22,-74,-40,12
GB,United Kingdom,Edinburgh,,GB-EDH,,22/06/20,-68,-26,5,-74,-70,25
GB,United Kingdom,Edinburgh,,GB-EDH,,23/06/20,-69,-22,20,-73,-70,26
GB,United Kingdom,Edinburgh,,GB-EDH,,24/06/20,-66,-16,127,-70,-67,22
GB,United Kingdom,Edinburgh,,GB-EDH,,25/06/20,-65,-13,136,-70,-68,22
GB,United Kingdom,Edinburgh,,GB-EDH,,26/06/20,-71,-19,-12,-73,-68,26
GB,United Kingdom,Edinburgh,,GB-EDH,,27/06/20,-76,-21,-38,-73,-42,15
GB,United Kingdom,Edinburgh,,GB-EDH,,28/06/20,-72,-26,-19,-75,-40,13
GB,United Kingdom,Edinburgh,,GB-EDH,,29/06/20,-66,-29,-23,-74,-69,25
GB,United Kingdom,Edinburgh,,GB-EDH,,30/06/20,-61,-19,53,-69,-68,23
GB,United Kingdom,Edinburgh,,GB-EDH,,01/07/20,-65,-24,-5,-70,-69,25
GB,United Kingdom,Edinburgh,,GB-EDH,,02/07/20,-62,-21,71,-68,-67,23
GB,United Kingdom,Edinburgh,,GB-EDH,,03/07/20,-69,-25,-41,-72,-68,25
GB,United Kingdom,Edinburgh,,GB-EDH,,04/07/20,-70,-23,-20,-66,-38,12
GB,United Kingdom,Edinburgh,,GB-EDH,,05/07/20,-68,-30,-19,-69,-39,11
GB,United Kingdom,Edinburgh,,GB-EDH,,06/07/20,-57,-24,68,-65,-68,20
GB,United Kingdom,Edinburgh,,GB-EDH,,07/07/20,-59,-22,49,-66,-69,22
GB,United Kingdom,Glasgow City,,GB-GLG,,15/02/20,-19,-8,-31,-18,-4,3
GB,United Kingdom,Glasgow City,,GB-GLG,,16/02/20,3,-3,-1,-5,0,1
GB,United Kingdom,Glasgow City,,GB-GLG,,17/02/20,0,0,2,0,1,1
GB,United Kingdom,Glasgow City,,GB-GLG,,18/02/20,1,2,9,1,2,0
GB,United Kingdom,Glasgow City,,GB-GLG,,19/02/20,-3,0,3,0,2,0
GB,United Kingdom,Glasgow City,,GB-GLG,,20/02/20,14,1,7,4,1,0
GB,United Kingdom,Glasgow City,,GB-GLG,,21/02/20,-7,-6,-14,0,-1,2
GB,United Kingdom,Glasgow City,,GB-GLG,,22/02/20,-14,-3,-24,-14,0,2
GB,United Kingdom,Glasgow City,,GB-GLG,,23/02/20,13,0,3,8,2,0
GB,United Kingdom,Glasgow City,,GB-GLG,,24/02/20,-2,0,-3,-4,0,1
GB,United Kingdom,Glasgow City,,GB-GLG,,25/02/20,1,4,6,-2,2,0
GB,United Kingdom,Glasgow City,,GB-GLG,,26/02/20,-5,0,4,-2,2,0
GB,United Kingdom,Glasgow City,,GB-GLG,,27/02/20,19,3,11,3,1,0
GB,United Kingdom,Glasgow City,,GB-GLG,,28/02/20,1,0,-7,2,0,0
GB,United Kingdom,Glasgow City,,GB-GLG,,29/02/20,-5,-1,-7,-3,1,0
GB,United Kingdom,Glasgow City,,GB-GLG,,01/03/20,0,-1,-9,0,1,0
GB,United Kingdom,Glasgow City,,GB-GLG,,02/03/20,3,5,14,-1,0,1
GB,United Kingdom,Glasgow City,,GB-GLG,,03/03/20,7,4,12,-3,1,0
GB,United Kingdom,Glasgow City,,GB-GLG,,04/03/20,9,8,26,-1,1,0
GB,United Kingdom,Glasgow City,,GB-GLG,,05/03/20,8,6,9,-2,1,0
GB,United Kingdom,Glasgow City,,GB-GLG,,06/03/20,6,5,5,2,1,0
GB,United Kingdom,Glasgow City,,GB-GLG,,07/03/20,-1,0,-12,-1,2,1
GB,United Kingdom,Glasgow City,,GB-GLG,,08/03/20,4,3,9,8,3,-1
GB,United Kingdom,Glasgow City,,GB-GLG,,09/03/20,2,3,2,-3,-1,1
GB,United Kingdom,Glasgow City,,GB-GLG,,10/03/20,2,5,0,-7,0,1
GB,United Kingdom,Glasgow City,,GB-GLG,,11/03/20,-1,5,-4,-8,0,1
GB,United Kingdom,Glasgow City,,GB-GLG,,12/03/20,11,12,-6,-7,-2,1
GB,United Kingdom,Glasgow City,,GB-GLG,,13/03/20,-3,13,2,-10,-4,2
GB,United Kingdom,Glasgow City,,GB-GLG,,14/03/20,-20,9,-29,-23,-2,3
GB,United Kingdom,Glasgow City,,GB-GLG,,15/03/20,-13,9,-1,-16,-4,2
GB,United Kingdom,Glasgow City,,GB-GLG,,16/03/20,-13,13,-11,-23,-13,5
GB,United Kingdom,Glasgow City,,GB-GLG,,17/03/20,-23,13,-25,-37,-20,9
GB,United Kingdom,Glasgow City,,GB-GLG,,18/03/20,-32,18,-23,-48,-28,11
GB,United Kingdom,Glasgow City,,GB-GLG,,19/03/20,-29,21,-2,-50,-32,12
GB,United Kingdom,Glasgow City,,GB-GLG,,20/03/20,-40,4,-5,-54,-34,14
GB,United Kingdom,Glasgow City,,GB-GLG,,21/03/20,-63,-5,-39,-67,-31,12
GB,United Kingdom,Glasgow City,,GB-GLG,,22/03/20,-61,-18,0,-62,-32,9
GB,United Kingdom,Glasgow City,,GB-GLG,,23/03/20,-53,-17,-37,-65,-51,18
GB,United Kingdom,Glasgow City,,GB-GLG,,24/03/20,-75,-26,-46,-78,-65,25
GB,United Kingdom,Glasgow City,,GB-GLG,,25/03/20,-80,-31,-51,-82,-71,28
GB,United Kingdom,Glasgow City,,GB-GLG,,26/03/20,-80,-34,-51,-83,-73,29
GB,United Kingdom,Glasgow City,,GB-GLG,,27/03/20,-82,-35,-52,-84,-74,31
GB,United Kingdom,Glasgow City,,GB-GLG,,28/03/20,-87,-39,-55,-85,-63,21
GB,United Kingdom,Glasgow City,,GB-GLG,,29/03/20,-84,-44,-37,-81,-60,16
GB,United Kingdom,Glasgow City,,GB-GLG,,30/03/20,-77,-37,-34,-82,-75,27
GB,United Kingdom,Glasgow City,,GB-GLG,,31/03/20,-78,-34,-36,-83,-76,28
GB,United Kingdom,Glasgow City,,GB-GLG,,01/04/20,-80,-34,-43,-84,-76,29
GB,United Kingdom,Glasgow City,,GB-GLG,,02/04/20,-80,-36,-49,-84,-76,30
GB,United Kingdom,Glasgow City,,GB-GLG,,03/04/20,-81,-35,-55,-84,-75,31
GB,United Kingdom,Glasgow City,,GB-GLG,,04/04/20,-86,-37,-58,-85,-62,21
GB,United Kingdom,Glasgow City,,GB-GLG,,05/04/20,-83,-41,-35,-81,-59,16
GB,United Kingdom,Glasgow City,,GB-GLG,,06/04/20,-77,-36,-35,-82,-75,27
GB,United Kingdom,Glasgow City,,GB-GLG,,07/04/20,-77,-31,-19,-83,-75,28
GB,United Kingdom,Glasgow City,,GB-GLG,,08/04/20,-79,-33,-34,-84,-75,28
GB,United Kingdom,Glasgow City,,GB-GLG,,09/04/20,-78,-31,-45,-84,-75,29
GB,United Kingdom,Glasgow City,,GB-GLG,,10/04/20,-80,-32,-34,-85,-79,31
GB,United Kingdom,Glasgow City,,GB-GLG,,11/04/20,-84,-33,-35,-84,-61,20
GB,United Kingdom,Glasgow City,,GB-GLG,,12/04/20,-84,-43,-24,-81,-57,16
GB,United Kingdom,Glasgow City,,GB-GLG,,13/04/20,-79,-42,-14,-86,-82,29
GB,United Kingdom,Glasgow City,,GB-GLG,,14/04/20,-76,-34,-25,-82,-75,28
GB,United Kingdom,Glasgow City,,GB-GLG,,15/04/20,-77,-31,-21,-83,-75,28
GB,United Kingdom,Glasgow City,,GB-GLG,,16/04/20,-77,-32,-38,-83,-75,29
GB,United Kingdom,Glasgow City,,GB-GLG,,17/04/20,-79,-32,-44,-83,-74,30
GB,United Kingdom,Glasgow City,,GB-GLG,,18/04/20,-84,-33,-30,-82,-58,19
GB,United Kingdom,Glasgow City,,GB-GLG,,19/04/20,-80,-37,-4,-77,-53,15
GB,United Kingdom,Glasgow City,,GB-GLG,,20/04/20,-74,-34,-8,-80,-73,26
GB,United Kingdom,Glasgow City,,GB-GLG,,21/04/20,-75,-31,-12,-81,-73,27
GB,United Kingdom,Glasgow City,,GB-GLG,,22/04/20,-76,-32,-16,-81,-73,27
GB,United Kingdom,Glasgow City,,GB-GLG,,23/04/20,-75,-30,-20,-81,-73,28
GB,United Kingdom,Glasgow City,,GB-GLG,,24/04/20,-77,-29,-10,-80,-72,28
GB,United Kingdom,Glasgow City,,GB-GLG,,25/04/20,-82,-30,-21,-81,-56,18
GB,United Kingdom,Glasgow City,,GB-GLG,,26/04/20,-78,-36,-19,-77,-53,15
GB,United Kingdom,Glasgow City,,GB-GLG,,27/04/20,-73,-34,-22,-79,-72,26
GB,United Kingdom,Glasgow City,,GB-GLG,,28/04/20,-74,-32,-29,-81,-72,25
GB,United Kingdom,Glasgow City,,GB-GLG,,29/04/20,-77,-34,-49,-82,-72,28
GB,United Kingdom,Glasgow City,,GB-GLG,,30/04/20,-76,-28,-38,-81,-72,28
GB,United Kingdom,Glasgow City,,GB-GLG,,01/05/20,-77,-29,-24,-79,-71,29
GB,United Kingdom,Glasgow City,,GB-GLG,,02/05/20,-82,-28,-21,-78,-54,18
GB,United Kingdom,Glasgow City,,GB-GLG,,03/05/20,-77,-33,3,-74,-50,14
GB,United Kingdom,Glasgow City,,GB-GLG,,04/05/20,-72,-32,-12,-79,-73,26
GB,United Kingdom,Glasgow City,,GB-GLG,,05/05/20,-71,-26,7,-77,-70,25
GB,United Kingdom,Glasgow City,,GB-GLG,,06/05/20,-74,-24,19,-77,-70,25
GB,United Kingdom,Glasgow City,,GB-GLG,,07/05/20,-74,-25,-19,-78,-70,26
GB,United Kingdom,Glasgow City,,GB-GLG,,08/05/20,-76,-28,-9,-80,-74,28
GB,United Kingdom,Glasgow City,,GB-GLG,,09/05/20,-82,-29,-20,-79,-53,18
GB,United Kingdom,Glasgow City,,GB-GLG,,10/05/20,-78,-34,-22,-76,-49,14
GB,United Kingdom,Glasgow City,,GB-GLG,,11/05/20,-71,-28,1,-77,-70,24
GB,United Kingdom,Glasgow City,,GB-GLG,,12/05/20,-72,-27,-16,-78,-69,25
GB,United Kingdom,Glasgow City,,GB-GLG,,13/05/20,-74,-24,-3,-78,-69,25
GB,United Kingdom,Glasgow City,,GB-GLG,,14/05/20,-74,-27,-23,-79,-69,25
GB,United Kingdom,Glasgow City,,GB-GLG,,15/05/20,-76,-27,-24,-78,-68,27
GB,United Kingdom,Glasgow City,,GB-GLG,,16/05/20,-81,-29,-31,-78,-51,18
GB,United Kingdom,Glasgow City,,GB-GLG,,17/05/20,-80,-38,-54,-78,-47,15
GB,United Kingdom,Glasgow City,,GB-GLG,,18/05/20,-71,-28,-22,-77,-68,25
GB,United Kingdom,Glasgow City,,GB-GLG,,19/05/20,-72,-26,-10,-78,-68,25
GB,United Kingdom,Glasgow City,,GB-GLG,,20/05/20,-72,-21,39,-76,-67,24
GB,United Kingdom,Glasgow City,,GB-GLG,,21/05/20,-71,-23,3,-78,-68,25
GB,United Kingdom,Glasgow City,,GB-GLG,,22/05/20,-75,-27,-50,-79,-68,28
GB,United Kingdom,Glasgow City,,GB-GLG,,23/05/20,-83,-33,-69,-82,-51,19
GB,United Kingdom,Glasgow City,,GB-GLG,,24/05/20,-76,-32,-9,-73,-45,14
GB,United Kingdom,Glasgow City,,GB-GLG,,25/05/20,-69,-27,36,-77,-73,24
GB,United Kingdom,Glasgow City,,GB-GLG,,26/05/20,-68,-22,32,-75,-65,23
GB,United Kingdom,Glasgow City,,GB-GLG,,27/05/20,-70,-20,40,-75,-65,23
GB,United Kingdom,Glasgow City,,GB-GLG,,28/05/20,-68,-15,44,-75,-65,23
GB,United Kingdom,Glasgow City,,GB-GLG,,29/05/20,-70,-16,58,-74,-63,22
GB,United Kingdom,Glasgow City,,GB-GLG,,30/05/20,-77,-17,33,-73,-36,11
GB,United Kingdom,Glasgow City,,GB-GLG,,31/05/20,-70,-20,63,-66,-30,8
GB,United Kingdom,Glasgow City,,GB-GLG,,01/06/20,-64,-18,63,-71,-63,20
GB,United Kingdom,Glasgow City,,GB-GLG,,02/06/20,-66,-20,23,-73,-63,22
GB,United Kingdom,Glasgow City,,GB-GLG,,03/06/20,-68,-19,13,-74,-63,23
GB,United Kingdom,Glasgow City,,GB-GLG,,04/06/20,-68,-22,-23,-77,-64,24
GB,United Kingdom,Glasgow City,,GB-GLG,,05/06/20,-69,-21,-3,-75,-61,24
GB,United Kingdom,Glasgow City,,GB-GLG,,06/06/20,-74,-20,14,-74,-37,14
GB,United Kingdom,Glasgow City,,GB-GLG,,07/06/20,-66,-23,76,-67,-31,10
GB,United Kingdom,Glasgow City,,GB-GLG,,08/06/20,-61,-21,31,-73,-60,21
GB,United Kingdom,Glasgow City,,GB-GLG,,09/06/20,-64,-22,5,-74,-61,22
GB,United Kingdom,Glasgow City,,GB-GLG,,10/06/20,-70,-27,-47,-78,-62,24
GB,United Kingdom,Glasgow City,,GB-GLG,,11/06/20,-63,-17,25,-73,-60,22
GB,United Kingdom,Glasgow City,,GB-GLG,,12/06/20,-67,-21,11,-73,-60,23
GB,United Kingdom,Glasgow City,,GB-GLG,,13/06/20,-75,-24,-27,-75,-37,15
GB,United Kingdom,Glasgow City,,GB-GLG,,14/06/20,-65,-24,79,-65,-26,9
GB,United Kingdom,Glasgow City,,GB-GLG,,15/06/20,-60,-22,34,-71,-60,20
GB,United Kingdom,Glasgow City,,GB-GLG,,16/06/20,-61,-19,43,-71,-59,21
GB,United Kingdom,Glasgow City,,GB-GLG,,17/06/20,-63,-17,45,-71,-59,21
GB,United Kingdom,Glasgow City,,GB-GLG,,18/06/20,-61,-16,64,-70,-59,20
GB,United Kingdom,Glasgow City,,GB-GLG,,19/06/20,-64,-18,7,-70,-59,22
GB,United Kingdom,Glasgow City,,GB-GLG,,20/06/20,-70,-14,49,-68,-29,10
GB,United Kingdom,Glasgow City,,GB-GLG,,21/06/20,-67,-24,-12,-66,-25,9
GB,United Kingdom,Glasgow City,,GB-GLG,,22/06/20,-61,-25,-12,-71,-61,21
GB,United Kingdom,Glasgow City,,GB-GLG,,23/06/20,-62,-21,-11,-72,-61,21
GB,United Kingdom,Glasgow City,,GB-GLG,,24/06/20,-61,-15,74,-69,-57,19
GB,United Kingdom,Glasgow City,,GB-GLG,,25/06/20,-60,-14,81,-69,-58,18
GB,United Kingdom,Glasgow City,,GB-GLG,,26/06/20,-65,-19,-11,-71,-59,22
GB,United Kingdom,Glasgow City,,GB-GLG,,27/06/20,-71,-19,-22,-71,-32,13
GB,United Kingdom,Glasgow City,,GB-GLG,,28/06/20,-68,-28,-39,-69,-28,11
GB,United Kingdom,Glasgow City,,GB-GLG,,29/06/20,-55,-23,-19,-67,-60,20
GB,United Kingdom,Glasgow City,,GB-GLG,,30/06/20,-49,-15,56,-67,-58,18
GB,United Kingdom,Glasgow City,,GB-GLG,,01/07/20,-56,-18,0,-70,-58,20
GB,United Kingdom,Glasgow City,,GB-GLG,,02/07/20,-51,-16,47,-67,-57,18
GB,United Kingdom,Glasgow City,,GB-GLG,,03/07/20,-62,-23,-36,-71,-58,21
GB,United Kingdom,Glasgow City,,GB-GLG,,04/07/20,-64,-18,-9,-67,-29,11
GB,United Kingdom,Glasgow City,,GB-GLG,,05/07/20,-60,-27,-21,-66,-28,9
GB,United Kingdom,Glasgow City,,GB-GLG,,06/07/20,-46,-18,59,-62,-57,16
GB,United Kingdom,Glasgow City,,GB-GLG,,07/07/20,-50,-19,27,-66,-59,18
GB,United Kingdom,Greater London,,,,15/02/20,-11,-8,-34,-10,-3,2
GB,United Kingdom,Greater London,,,,16/02/20,-9,-11,-41,-9,-4,1
GB,United Kingdom,Greater London,,,,17/02/20,11,4,28,-3,-13,2
GB,United Kingdom,Greater London,,,,18/02/20,4,-2,11,-4,-13,2
GB,United Kingdom,Greater London,,,,19/02/20,3,-3,3,-5,-13,3
GB,United Kingdom,Greater London,,,,20/02/20,2,-4,-4,-6,-13,3
GB,United Kingdom,Greater London,,,,21/02/20,3,-1,10,-5,-14,3
GB,United Kingdom,Greater London,,,,22/02/20,-4,-3,-7,-2,-1,0
GB,United Kingdom,Greater London,,,,23/02/20,-1,-3,-9,1,-1,0
GB,United Kingdom,Greater London,,,,24/02/20,-3,0,-1,-3,-1,1
GB,United Kingdom,Greater London,,,,25/02/20,-1,2,5,0,1,0
GB,United Kingdom,Greater London,,,,26/02/20,-2,0,11,-2,1,0
GB,United Kingdom,Greater London,,,,27/02/20,0,-1,4,-1,0,1
GB,United Kingdom,Greater London,,,,28/02/20,-2,-1,-9,-2,0,1
GB,United Kingdom,Greater London,,,,29/02/20,-2,0,-21,-5,0,1
GB,United Kingdom,Greater London,,,,01/03/20,9,4,24,5,1,-1
GB,United Kingdom,Greater London,,,,02/03/20,2,6,15,-3,1,0
GB,United Kingdom,Greater London,,,,03/03/20,-1,2,3,-4,1,0
GB,United Kingdom,Greater London,,,,04/03/20,-3,1,-7,-4,0,1
GB,United Kingdom,Greater London,,,,05/03/20,-9,-5,-21,-6,-1,2
GB,United Kingdom,Greater London,,,,06/03/20,1,8,14,-3,0,1
GB,United Kingdom,Greater London,,,,07/03/20,-2,3,-6,-4,1,0
GB,United Kingdom,Greater London,,,,08/03/20,-1,3,-2,-4,0,0
GB,United Kingdom,Greater London,,,,09/03/20,-3,6,3,-6,-1,1
GB,United Kingdom,Greater London,,,,10/03/20,-6,7,-3,-7,-2,2
GB,United Kingdom,Greater London,,,,11/03/20,-6,8,9,-10,-3,2
GB,United Kingdom,Greater London,,,,12/03/20,-8,14,-3,-13,-5,3
GB,United Kingdom,Greater London,,,,13/03/20,-13,15,-4,-18,-9,5
GB,United Kingdom,Greater London,,,,14/03/20,-20,9,-17,-22,-4,4
GB,United Kingdom,Greater London,,,,15/03/20,-24,6,-21,-24,-7,4
GB,United Kingdom,Greater London,,,,16/03/20,-14,23,26,-25,-18,7
GB,United Kingdom,Greater London,,,,17/03/20,-28,19,-8,-37,-29,12
GB,United Kingdom,Greater London,,,,18/03/20,-33,28,-7,-43,-36,16
GB,United Kingdom,Greater London,,,,19/03/20,-36,30,-28,-47,-41,18
GB,United Kingdom,Greater London,,,,20/03/20,-46,8,-22,-51,-44,20
GB,United Kingdom,Greater London,,,,21/03/20,-62,-8,-23,-58,-34,15
GB,United Kingdom,Greater London,,,,22/03/20,-67,-20,-6,-61,-40,13
GB,United Kingdom,Greater London,,,,23/03/20,-59,-13,-5,-63,-60,25
GB,United Kingdom,Greater London,,,,24/03/20,-76,-25,-19,-72,-70,31
GB,United Kingdom,Greater London,,,,25/03/20,-79,-28,-17,-76,-73,33
GB,United Kingdom,Greater London,,,,26/03/20,-80,-32,-20,-77,-75,34
GB,United Kingdom,Greater London,,,,27/03/20,-81,-32,-30,-77,-75,35
GB,United Kingdom,Greater London,,,,28/03/20,-85,-41,-57,-78,-63,23
GB,United Kingdom,Greater London,,,,29/03/20,-87,-48,-59,-80,-62,19
GB,United Kingdom,Greater London,,,,30/03/20,-79,-36,-41,-79,-77,33
GB,United Kingdom,Greater London,,,,31/03/20,-79,-35,-30,-79,-78,34
GB,United Kingdom,Greater London,,,,01/04/20,-81,-36,-32,-80,-78,35
GB,United Kingdom,Greater London,,,,02/04/20,-81,-36,-28,-80,-78,36
GB,United Kingdom,Greater London,,,,03/04/20,-81,-34,-27,-79,-77,36
GB,United Kingdom,Greater London,,,,04/04/20,-84,-38,-30,-77,-63,23
GB,United Kingdom,Greater London,,,,05/04/20,-84,-41,-15,-76,-61,18
GB,United Kingdom,Greater London,,,,06/04/20,-78,-35,-24,-79,-77,33
GB,United Kingdom,Greater London,,,,07/04/20,-79,-33,-9,-78,-78,34
GB,United Kingdom,Greater London,,,,08/04/20,-80,-33,-19,-79,-78,34
GB,United Kingdom,Greater London,,,,09/04/20,-78,-26,-10,-78,-78,34
GB,United Kingdom,Greater London,,,,10/04/20,-83,-35,-13,-82,-85,38
GB,United Kingdom,Greater London,,,,11/04/20,-84,-36,-34,-77,-64,23
GB,United Kingdom,Greater London,,,,12/04/20,-89,-60,-25,-78,-64,19
GB,United Kingdom,Greater London,,,,13/04/20,-83,-43,-20,-85,-87,37
GB,United Kingdom,Greater London,,,,14/04/20,-78,-32,-16,-78,-77,33
GB,United Kingdom,Greater London,,,,15/04/20,-79,-32,-6,-78,-77,34
GB,United Kingdom,Greater London,,,,16/04/20,-79,-32,-15,-79,-76,34
GB,United Kingdom,Greater London,,,,17/04/20,-81,-34,-43,-79,-75,36
GB,United Kingdom,Greater London,,,,18/04/20,-84,-38,-47,-77,-59,23
GB,United Kingdom,Greater London,,,,19/04/20,-83,-42,-6,-75,-56,17
GB,United Kingdom,Greater London,,,,20/04/20,-77,-34,1,-77,-75,32
GB,United Kingdom,Greater London,,,,21/04/20,-78,-33,-3,-77,-75,33
GB,United Kingdom,Greater London,,,,22/04/20,-79,-32,3,-77,-74,33
GB,United Kingdom,Greater London,,,,23/04/20,-78,-30,8,-77,-74,33
GB,United Kingdom,Greater London,,,,24/04/20,-79,-30,-5,-75,-73,34
GB,United Kingdom,Greater London,,,,25/04/20,-82,-35,-25,-74,-57,21
GB,United Kingdom,Greater London,,,,26/04/20,-81,-38,5,-72,-54,16
GB,United Kingdom,Greater London,,,,27/04/20,-76,-32,-2,-76,-73,31
GB,United Kingdom,Greater London,,,,28/04/20,-82,-42,-62,-80,-75,32
GB,United Kingdom,Greater London,,,,29/04/20,-79,-33,-35,-77,-73,33
GB,United Kingdom,Greater London,,,,30/04/20,-81,-35,-43,-78,-74,34
GB,United Kingdom,Greater London,,,,01/05/20,-80,-30,-32,-75,-72,34
GB,United Kingdom,Greater London,,,,02/05/20,-81,-31,-17,-71,-54,20
GB,United Kingdom,Greater London,,,,03/05/20,-82,-40,-23,-74,-53,17
GB,United Kingdom,Greater London,,,,04/05/20,-75,-29,11,-74,-72,30
GB,United Kingdom,Greater London,,,,05/05/20,-77,-29,0,-75,-72,31
GB,United Kingdom,Greater London,,,,06/05/20,-77,-27,16,-74,-71,31
GB,United Kingdom,Greater London,,,,07/05/20,-75,-22,21,-73,-71,31
GB,United Kingdom,Greater London,,,,08/05/20,-79,-27,32,-76,-81,35
GB,United Kingdom,Greater London,,,,09/05/20,-80,-30,5,-70,-53,19
GB,United Kingdom,Greater London,,,,10/05/20,-83,-41,-36,-75,-51,17
GB,United Kingdom,Greater London,,,,11/05/20,-75,-28,-17,-74,-71,30
GB,United Kingdom,Greater London,,,,12/05/20,-75,-27,6,-73,-70,30
GB,United Kingdom,Greater London,,,,13/05/20,-77,-29,-12,-74,-70,31
GB,United Kingdom,Greater London,,,,14/05/20,-75,-26,8,-74,-70,30
GB,United Kingdom,Greater London,,,,15/05/20,-75,-24,21,-71,-68,30
GB,United Kingdom,Greater London,,,,16/05/20,-78,-28,-2,-68,-49,18
GB,United Kingdom,Greater London,,,,17/05/20,-77,-31,40,-67,-46,14
GB,United Kingdom,Greater London,,,,18/05/20,-70,-22,60,-70,-68,28
GB,United Kingdom,Greater London,,,,19/05/20,-71,-21,64,-69,-68,28
GB,United Kingdom,Greater London,,,,20/05/20,-72,-19,75,-69,-68,28
GB,United Kingdom,Greater London,,,,21/05/20,-72,-19,54,-70,-68,29
GB,United Kingdom,Greater London,,,,22/05/20,-73,-19,25,-69,-66,29
GB,United Kingdom,Greater London,,,,23/05/20,-76,-24,-10,-67,-45,18
GB,United Kingdom,Greater London,,,,24/05/20,-74,-28,47,-63,-43,12
GB,United Kingdom,Greater London,,,,25/05/20,-70,-23,160,-72,-82,28
GB,United Kingdom,Greater London,,,,26/05/20,-70,-19,57,-68,-67,27
GB,United Kingdom,Greater London,,,,27/05/20,-71,-20,54,-69,-66,27
GB,United Kingdom,Greater London,,,,28/05/20,-70,-18,66,-68,-66,28
GB,United Kingdom,Greater London,,,,29/05/20,-71,-16,61,-66,-64,27
GB,United Kingdom,Greater London,,,,30/05/20,-74,-20,48,-61,-35,14
GB,United Kingdom,Greater London,,,,31/05/20,-73,-25,68,-61,-33,11
GB,United Kingdom,Greater London,,,,01/06/20,-65,-16,75,-65,-63,25
GB,United Kingdom,Greater London,,,,02/06/20,-68,-18,70,-66,-63,25
GB,United Kingdom,Greater London,,,,03/06/20,-71,-23,1,-68,-63,27
GB,United Kingdom,Greater London,,,,04/06/20,-70,-21,7,-68,-63,28
GB,United Kingdom,Greater London,,,,05/06/20,-71,-20,-3,-67,-62,28
GB,United Kingdom,Greater London,,,,06/06/20,-75,-27,-36,-65,-38,17
GB,United Kingdom,Greater London,,,,07/06/20,-72,-27,11,-62,-35,12
GB,United Kingdom,Greater London,,,,08/06/20,-65,-19,33,-66,-61,25
GB,United Kingdom,Greater London,,,,09/06/20,-67,-20,48,-66,-61,25
GB,United Kingdom,Greater London,,,,10/06/20,-71,-25,-21,-69,-62,28
GB,United Kingdom,Greater London,,,,11/06/20,-68,-21,7,-68,-62,27
GB,United Kingdom,Greater London,,,,12/06/20,-69,-19,1,-66,-60,27
GB,United Kingdom,Greater London,,,,13/06/20,-69,-18,54,-58,-28,12
GB,United Kingdom,Greater London,,,,14/06/20,-68,-23,71,-58,-27,10
GB,United Kingdom,Greater London,,,,15/06/20,-55,-16,58,-62,-59,23
GB,United Kingdom,Greater London,,,,16/06/20,-59,-16,53,-63,-60,24
GB,United Kingdom,Greater London,,,,17/06/20,-63,-20,17,-65,-60,25
GB,United Kingdom,Greater London,,,,18/06/20,-63,-19,10,-66,-61,26
GB,United Kingdom,Greater London,,,,19/06/20,-62,-14,19,-62,-58,24
GB,United Kingdom,Greater London,,,,20/06/20,-63,-15,43,-54,-25,11
GB,United Kingdom,Greater London,,,,21/06/20,-63,-22,39,-57,-23,9
GB,United Kingdom,Greater London,,,,22/06/20,-54,-13,97,-60,-60,22
GB,United Kingdom,Greater London,,,,23/06/20,-58,-13,90,-60,-60,22
GB,United Kingdom,Greater London,,,,24/06/20,-60,-12,89,-61,-58,22
GB,United Kingdom,Greater London,,,,25/06/20,-60,-11,88,-61,-59,22
GB,United Kingdom,Greater London,,,,26/06/20,-61,-11,57,-59,-57,22
GB,United Kingdom,Greater London,,,,27/06/20,-65,-18,-8,-57,-29,12
GB,United Kingdom,Greater London,,,,28/06/20,-62,-23,26,-55,-22,9
GB,United Kingdom,Greater London,,,,29/06/20,-55,-15,34,-61,-58,22
GB,United Kingdom,Greater London,,,,30/06/20,-58,-18,12,-63,-58,23
GB,United Kingdom,Greater London,,,,01/07/20,-58,-17,24,-62,-57,23
GB,United Kingdom,Greater London,,,,02/07/20,-58,-17,16,-62,-58,23
GB,United Kingdom,Greater London,,,,03/07/20,-58,-13,35,-58,-56,22
GB,United Kingdom,Greater London,,,,04/07/20,-57,-19,0,-52,-23,10
GB,United Kingdom,Greater London,,,,05/07/20,-52,-20,59,-50,-20,7
GB,United Kingdom,Greater London,,,,06/07/20,-48,-15,53,-58,-57,20
GB,United Kingdom,Greater London,,,,07/07/20,-52,-18,32,-59,-58,21
GB,United Kingdom,Swindon,,GB-SWD,,15/02/20,-19,-7,-50,-11,-3,3
GB,United Kingdom,Swindon,,GB-SWD,,16/02/20,-12,-4,-53,-2,-2,1
GB,United Kingdom,Swindon,,GB-SWD,,17/02/20,3,-2,,-2,-13,2
GB,United Kingdom,Swindon,,GB-SWD,,18/02/20,3,-3,,-5,-13,3
GB,United Kingdom,Swindon,,GB-SWD,,19/02/20,3,-3,,-6,-13,3
GB,United Kingdom,Swindon,,GB-SWD,,20/02/20,4,-3,,-9,-14,3
GB,United Kingdom,Swindon,,GB-SWD,,21/02/20,1,1,,-3,-15,3
GB,United Kingdom,Swindon,,GB-SWD,,22/02/20,-9,-1,-17,10,-2,0
GB,United Kingdom,Swindon,,GB-SWD,,23/02/20,-6,-1,-13,7,0,0
GB,United Kingdom,Swindon,,GB-SWD,,24/02/20,-7,0,,-3,-1,1
GB,United Kingdom,Swindon,,GB-SWD,,25/02/20,-2,6,,2,2,0
GB,United Kingdom,Swindon,,GB-SWD,,26/02/20,-1,1,,-1,1,1
GB,United Kingdom,Swindon,,GB-SWD,,27/02/20,1,1,,-3,0,1
GB,United Kingdom,Swindon,,GB-SWD,,28/02/20,-3,-1,-28,0,-2,1
GB,United Kingdom,Swindon,,GB-SWD,,29/02/20,-1,1,-30,0,0,1
GB,United Kingdom,Swindon,,GB-SWD,,01/03/20,3,1,-11,5,4,-1
GB,United Kingdom,Swindon,,GB-SWD,,02/03/20,2,3,,2,1,0
GB,United Kingdom,Swindon,,GB-SWD,,03/03/20,6,4,,-4,2,0
GB,United Kingdom,Swindon,,GB-SWD,,04/03/20,-2,2,,-6,1,1
GB,United Kingdom,Swindon,,GB-SWD,,05/03/20,-3,5,,-7,2,1
GB,United Kingdom,Swindon,,GB-SWD,,06/03/20,-1,6,,-2,2,1
GB,United Kingdom,Swindon,,GB-SWD,,07/03/20,-4,2,0,8,2,0
GB,United Kingdom,Swindon,,GB-SWD,,08/03/20,-2,2,4,0,3,0
GB,United Kingdom,Swindon,,GB-SWD,,09/03/20,-3,4,,-2,2,1
GB,United Kingdom,Swindon,,GB-SWD,,10/03/20,-3,4,,-7,1,2
GB,United Kingdom,Swindon,,GB-SWD,,11/03/20,-3,5,,-7,-3,2
GB,United Kingdom,Swindon,,GB-SWD,,12/03/20,-4,11,,-13,-4,3
GB,United Kingdom,Swindon,,GB-SWD,,13/03/20,-6,9,,-7,-3,2
GB,United Kingdom,Swindon,,GB-SWD,,14/03/20,-15,10,-4,-14,-1,2
GB,United Kingdom,Swindon,,GB-SWD,,15/03/20,-17,7,-32,-17,-3,2
GB,United Kingdom,Swindon,,GB-SWD,,16/03/20,-5,23,,-11,-7,3
GB,United Kingdom,Swindon,,GB-SWD,,17/03/20,-11,31,,-29,-15,7
GB,United Kingdom,Swindon,,GB-SWD,,18/03/20,-18,33,,-35,-23,10
GB,United Kingdom,Swindon,,GB-SWD,,19/03/20,-16,36,,-42,-30,13
GB,United Kingdom,Swindon,,GB-SWD,,20/03/20,-28,15,,-40,-29,13
GB,United Kingdom,Swindon,,GB-SWD,,21/03/20,-48,4,,-39,-20,10
GB,United Kingdom,Swindon,,GB-SWD,,22/03/20,-57,-12,,-40,-22,7
GB,United Kingdom,Swindon,,GB-SWD,,23/03/20,-41,-4,,-50,-46,18
GB,United Kingdom,Swindon,,GB-SWD,,24/03/20,-69,-21,,-63,-58,24
GB,United Kingdom,Swindon,,GB-SWD,,25/03/20,-71,-23,,-65,-63,27
GB,United Kingdom,Swindon,,GB-SWD,,26/03/20,-72,-24,,-67,-65,28
GB,United Kingdom,Swindon,,GB-SWD,,27/03/20,-75,-26,,-67,-66,28
GB,United Kingdom,Swindon,,GB-SWD,,28/03/20,-84,-39,-33,-71,-51,
GB,United Kingdom,Swindon,,GB-SWD,,29/03/20,-83,-44,-30,-69,-52,
GB,United Kingdom,Swindon,,GB-SWD,,30/03/20,-73,-29,,-70,-68,27
GB,United Kingdom,Swindon,,GB-SWD,,31/03/20,-71,-25,,-69,-68,28
GB,United Kingdom,Swindon,,GB-SWD,,01/04/20,-73,-29,,-71,-67,28
GB,United Kingdom,Swindon,,GB-SWD,,02/04/20,-72,-27,,-72,-68,29
GB,United Kingdom,Swindon,,GB-SWD,,03/04/20,-75,-26,,-67,-67,29
GB,United Kingdom,Swindon,,GB-SWD,,04/04/20,-82,-33,-4,-68,-54,
GB,United Kingdom,Swindon,,GB-SWD,,05/04/20,-82,-40,2,-63,-51,
GB,United Kingdom,Swindon,,GB-SWD,,06/04/20,-72,-26,,-67,-69,27
GB,United Kingdom,Swindon,,GB-SWD,,07/04/20,-72,-25,,-66,-70,28
GB,United Kingdom,Swindon,,GB-SWD,,08/04/20,-71,-24,,-66,-70,28
GB,United Kingdom,Swindon,,GB-SWD,,09/04/20,-68,-11,,-63,-70,28
GB,United Kingdom,Swindon,,GB-SWD,,10/04/20,-77,-31,,-72,-83,33
GB,United Kingdom,Swindon,,GB-SWD,,11/04/20,-81,-30,0,-63,-56,
GB,United Kingdom,Swindon,,GB-SWD,,12/04/20,-91,-65,11,-63,-60,
GB,United Kingdom,Swindon,,GB-SWD,,13/04/20,-77,-38,,-77,-85,33
GB,United Kingdom,Swindon,,GB-SWD,,14/04/20,-69,-23,,-64,-69,28
GB,United Kingdom,Swindon,,GB-SWD,,15/04/20,-71,-25,,-64,-69,29
GB,United Kingdom,Swindon,,GB-SWD,,16/04/20,-70,-25,,-65,-69,29
GB,United Kingdom,Swindon,,GB-SWD,,17/04/20,-76,-33,-38,-71,-69,30
GB,United Kingdom,Swindon,,GB-SWD,,18/04/20,-83,-44,-40,-70,-53,
GB,United Kingdom,Swindon,,GB-SWD,,19/04/20,-80,-45,24,-58,-47,
GB,United Kingdom,Swindon,,GB-SWD,,20/04/20,-71,-33,,-64,-67,27
GB,United Kingdom,Swindon,,GB-SWD,,21/04/20,-72,-31,,-67,-67,27
GB,United Kingdom,Swindon,,GB-SWD,,22/04/20,-72,-32,,-65,-67,28
GB,United Kingdom,Swindon,,GB-SWD,,23/04/20,-71,-29,,-66,-67,28
GB,United Kingdom,Swindon,,GB-SWD,,24/04/20,-73,-30,,-64,-66,28
GB,United Kingdom,Swindon,,GB-SWD,,25/04/20,-79,-37,,-60,-48,17
GB,United Kingdom,Swindon,,GB-SWD,,26/04/20,-79,-42,,-54,-46,
GB,United Kingdom,Swindon,,GB-SWD,,27/04/20,-69,-30,,-61,-66,26
GB,United Kingdom,Swindon,,GB-SWD,,28/04/20,-74,-38,-52,-72,-66,26
GB,United Kingdom,Swindon,,GB-SWD,,29/04/20,-72,-32,-14,-68,-65,28
GB,United Kingdom,Swindon,,GB-SWD,,30/04/20,-73,-34,-44,-69,-66,28
GB,United Kingdom,Swindon,,GB-SWD,,01/05/20,-74,-34,-13,-66,-64,28
GB,United Kingdom,Swindon,,GB-SWD,,02/05/20,-78,-36,,-59,-48,16
GB,United Kingdom,Swindon,,GB-SWD,,03/05/20,-80,-46,9,-57,-45,
GB,United Kingdom,Swindon,,GB-SWD,,04/05/20,-68,-31,,-61,-64,25
GB,United Kingdom,Swindon,,GB-SWD,,05/05/20,-69,-30,,-64,-63,26
GB,United Kingdom,Swindon,,GB-SWD,,06/05/20,-68,-26,,-60,-63,26
GB,United Kingdom,Swindon,,GB-SWD,,07/05/20,-64,-19,,-64,-63,25
GB,United Kingdom,Swindon,,GB-SWD,,08/05/20,-74,-36,,-69,-79,30
GB,United Kingdom,Swindon,,GB-SWD,,09/05/20,-79,-38,,-57,-46,16
GB,United Kingdom,Swindon,,GB-SWD,,10/05/20,-81,-47,-32,-65,-44,
GB,United Kingdom,Swindon,,GB-SWD,,11/05/20,-67,-28,,-63,-63,25
GB,United Kingdom,Swindon,,GB-SWD,,12/05/20,-66,-26,,-63,-62,25
GB,United Kingdom,Swindon,,GB-SWD,,13/05/20,-67,-29,,-63,-62,26
GB,United Kingdom,Swindon,,GB-SWD,,14/05/20,-64,-25,,-60,-60,23
GB,United Kingdom,Swindon,,GB-SWD,,15/05/20,-67,-28,,-59,-60,24
GB,United Kingdom,Swindon,,GB-SWD,,16/05/20,-74,-34,,-53,-39,14
GB,United Kingdom,Swindon,,GB-SWD,,17/05/20,-74,-37,,-50,-34,
GB,United Kingdom,Swindon,,GB-SWD,,18/05/20,-61,-24,,-58,-59,22
GB,United Kingdom,Swindon,,GB-SWD,,19/05/20,-61,-22,,-57,-59,23
GB,United Kingdom,Swindon,,GB-SWD,,20/05/20,-62,-21,,-57,-59,23
GB,United Kingdom,Swindon,,GB-SWD,,21/05/20,-59,-20,,-56,-59,23
GB,United Kingdom,Swindon,,GB-SWD,,22/05/20,-64,-24,,-60,-59,24
GB,United Kingdom,Swindon,,GB-SWD,,23/05/20,-73,-33,,-57,-36,14
GB,United Kingdom,Swindon,,GB-SWD,,24/05/20,-70,-33,,-44,-32,9
GB,United Kingdom,Swindon,,GB-SWD,,25/05/20,-62,-28,,-60,-79,26
GB,United Kingdom,Swindon,,GB-SWD,,26/05/20,-57,-18,,-56,-59,22
GB,United Kingdom,Swindon,,GB-SWD,,27/05/20,-59,-20,,-57,-58,23
GB,United Kingdom,Swindon,,GB-SWD,,28/05/20,-57,-16,,-56,-57,22
GB,United Kingdom,Swindon,,GB-SWD,,29/05/20,-62,-20,,-54,-56,22
GB,United Kingdom,Swindon,,GB-SWD,,30/05/20,-70,-26,,-49,-27,11
GB,United Kingdom,Swindon,,GB-SWD,,31/05/20,-70,-31,,-43,-21,8
GB,United Kingdom,Swindon,,GB-SWD,,01/06/20,-55,-17,,-52,-53,20
GB,United Kingdom,Swindon,,GB-SWD,,02/06/20,-58,-19,,-51,-53,20
GB,United Kingdom,Swindon,,GB-SWD,,03/06/20,-59,-25,,-57,-54,23
GB,United Kingdom,Swindon,,GB-SWD,,04/06/20,-57,-21,,-55,-52,22
GB,United Kingdom,Swindon,,GB-SWD,,05/06/20,-61,-21,,-52,-51,21
GB,United Kingdom,Swindon,,GB-SWD,,06/06/20,-69,-29,8,-53,-27,13
GB,United Kingdom,Swindon,,GB-SWD,,07/06/20,-68,-32,,-42,-21,9
GB,United Kingdom,Swindon,,GB-SWD,,08/06/20,-53,-20,,-51,-51,20
GB,United Kingdom,Swindon,,GB-SWD,,09/06/20,-57,-21,,-53,-51,20
GB,United Kingdom,Swindon,,GB-SWD,,10/06/20,-58,-23,,-57,-52,22
GB,United Kingdom,Swindon,,GB-SWD,,11/06/20,-57,-23,,-59,-52,22
GB,United Kingdom,Swindon,,GB-SWD,,12/06/20,-60,-25,,-57,-50,21
GB,United Kingdom,Swindon,,GB-SWD,,13/06/20,-66,-25,,-45,-16,10
GB,United Kingdom,Swindon,,GB-SWD,,14/06/20,-67,-32,,-43,-10,8
GB,United Kingdom,Swindon,,GB-SWD,,15/06/20,-46,-19,,-49,-49,17
GB,United Kingdom,Swindon,,GB-SWD,,16/06/20,-50,-20,,-55,-50,19
GB,United Kingdom,Swindon,,GB-SWD,,17/06/20,-51,-22,,-55,-50,20
GB,United Kingdom,Swindon,,GB-SWD,,18/06/20,-55,-22,-31,-62,-51,21
GB,United Kingdom,Swindon,,GB-SWD,,19/06/20,-51,-14,,-54,-48,19
GB,United Kingdom,Swindon,,GB-SWD,,20/06/20,-59,-19,,-43,-12,9
GB,United Kingdom,Swindon,,GB-SWD,,21/06/20,-61,-25,,-38,-2,6
GB,United Kingdom,Swindon,,GB-SWD,,22/06/20,-45,-15,,-48,-50,17
GB,United Kingdom,Swindon,,GB-SWD,,23/06/20,-48,-12,,-49,-49,17
GB,United Kingdom,Swindon,,GB-SWD,,24/06/20,-50,-11,,-52,-48,17
GB,United Kingdom,Swindon,,GB-SWD,,25/06/20,-48,-9,,-51,-48,17
GB,United Kingdom,Swindon,,GB-SWD,,26/06/20,-49,-12,,-50,-47,18
GB,United Kingdom,Swindon,,GB-SWD,,27/06/20,-58,-23,6,-50,-18,11
GB,United Kingdom,Swindon,,GB-SWD,,28/06/20,-57,-28,26,-42,-8,7
GB,United Kingdom,Swindon,,GB-SWD,,29/06/20,-41,-16,,-49,-47,17
GB,United Kingdom,Swindon,,GB-SWD,,30/06/20,-39,-11,,-43,-46,17
GB,United Kingdom,Swindon,,GB-SWD,,01/07/20,-41,-15,,-42,-45,18
GB,United Kingdom,Swindon,,GB-SWD,,02/07/20,-41,-16,,-46,-46,18
GB,United Kingdom,Swindon,,GB-SWD,,03/07/20,-46,-16,,-40,-44,17
GB,United Kingdom,Swindon,,GB-SWD,,04/07/20,-50,-21,,-23,-9,8
GB,United Kingdom,Swindon,,GB-SWD,,05/07/20,-48,-26,,-24,-6,5
GB,United Kingdom,Swindon,,GB-SWD,,06/07/20,-34,-14,,-37,-46,15
GB,United Kingdom,Swindon,,GB-SWD,,07/07/20,-38,-16,,-42,-47,16
GB,United Kingdom,York,,GB-YOR,,15/02/20,-9,-10,-27,-5,-7,3
GB,United Kingdom,York,,GB-YOR,,16/02/20,-1,-2,-8,8,-2,1
GB,United Kingdom,York,,GB-YOR,,17/02/20,25,4,54,10,-15,2
GB,United Kingdom,York,,GB-YOR,,18/02/20,30,3,52,11,-14,2
GB,United Kingdom,York,,GB-YOR,,19/02/20,26,1,36,8,-15,2
GB,United Kingdom,York,,GB-YOR,,20/02/20,27,2,38,11,-17,3
GB,United Kingdom,York,,GB-YOR,,21/02/20,14,3,25,16,-18,2
GB,United Kingdom,York,,GB-YOR,,22/02/20,4,-2,1,13,-2,0
GB,United Kingdom,York,,GB-YOR,,23/02/20,0,1,-10,19,4,-1
GB,United Kingdom,York,,GB-YOR,,24/02/20,-5,0,-10,4,-5,2
GB,United Kingdom,York,,GB-YOR,,25/02/20,4,7,-2,4,0,0
GB,United Kingdom,York,,GB-YOR,,26/02/20,0,-3,5,4,-1,0
GB,United Kingdom,York,,GB-YOR,,27/02/20,3,1,-1,1,0,0
GB,United Kingdom,York,,GB-YOR,,28/02/20,-7,2,-26,6,-1,1
GB,United Kingdom,York,,GB-YOR,,29/02/20,3,-2,-17,2,-1,0
GB,United Kingdom,York,,GB-YOR,,01/03/20,0,0,-15,-4,-1,0
GB,United Kingdom,York,,GB-YOR,,02/03/20,4,5,8,3,-2,0
GB,United Kingdom,York,,GB-YOR,,03/03/20,8,2,17,1,0,0
GB,United Kingdom,York,,GB-YOR,,04/03/20,5,4,-1,-1,-1,0
GB,United Kingdom,York,,GB-YOR,,05/03/20,5,3,7,1,-2,0
GB,United Kingdom,York,,GB-YOR,,06/03/20,1,5,3,10,-2,0
GB,United Kingdom,York,,GB-YOR,,07/03/20,1,0,2,15,1,-1
GB,United Kingdom,York,,GB-YOR,,08/03/20,4,3,-10,12,1,-1
GB,United Kingdom,York,,GB-YOR,,09/03/20,1,3,8,3,-2,1
GB,United Kingdom,York,,GB-YOR,,10/03/20,7,5,8,0,-2,1
GB,United Kingdom,York,,GB-YOR,,11/03/20,3,2,3,-4,-2,1
GB,United Kingdom,York,,GB-YOR,,12/03/20,3,3,0,-4,-3,1
GB,United Kingdom,York,,GB-YOR,,13/03/20,-4,3,-8,-2,-7,2
GB,United Kingdom,York,,GB-YOR,,14/03/20,-8,2,-13,-5,-5,1
GB,United Kingdom,York,,GB-YOR,,15/03/20,-12,5,-11,-4,-6,1
GB,United Kingdom,York,,GB-YOR,,16/03/20,-1,18,10,-14,-12,3
GB,United Kingdom,York,,GB-YOR,,17/03/20,-10,20,-1,-32,-18,7
GB,United Kingdom,York,,GB-YOR,,18/03/20,-24,16,-25,-46,-28,11
GB,United Kingdom,York,,GB-YOR,,19/03/20,-23,17,-4,-48,-33,12
GB,United Kingdom,York,,GB-YOR,,20/03/20,-37,5,-24,-48,-34,13
GB,United Kingdom,York,,GB-YOR,,21/03/20,-60,-9,-49,-62,-32,11
GB,United Kingdom,York,,GB-YOR,,22/03/20,-68,-19,-27,-61,-38,
GB,United Kingdom,York,,GB-YOR,,23/03/20,-53,-14,-14,-62,-52,18
GB,United Kingdom,York,,GB-YOR,,24/03/20,-75,-32,-32,-74,-64,24
GB,United Kingdom,York,,GB-YOR,,25/03/20,-78,-34,-21,-77,-71,27
GB,United Kingdom,York,,GB-YOR,,26/03/20,-77,-36,-25,-79,-72,28
GB,United Kingdom,York,,GB-YOR,,27/03/20,-81,-34,-44,-80,-72,29
GB,United Kingdom,York,,GB-YOR,,28/03/20,-88,-47,-74,-85,-65,
GB,United Kingdom,York,,GB-YOR,,29/03/20,-90,-50,-64,-84,-65,
GB,United Kingdom,York,,GB-YOR,,30/03/20,-78,-40,-36,-80,-73,28
GB,United Kingdom,York,,GB-YOR,,31/03/20,-78,-36,-34,-80,-74,28
GB,United Kingdom,York,,GB-YOR,,01/04/20,-79,-38,-36,-81,-74,29
GB,United Kingdom,York,,GB-YOR,,02/04/20,-78,-35,-41,-82,-74,30
GB,United Kingdom,York,,GB-YOR,,03/04/20,-81,-37,-49,-81,-73,30
GB,United Kingdom,York,,GB-YOR,,04/04/20,-86,-45,-64,-83,-64,
GB,United Kingdom,York,,GB-YOR,,05/04/20,-88,-47,-46,-82,-61,
GB,United Kingdom,York,,GB-YOR,,06/04/20,-78,-39,-28,-80,-75,28
GB,United Kingdom,York,,GB-YOR,,07/04/20,-77,-35,-13,-77,-75,28
GB,United Kingdom,York,,GB-YOR,,08/04/20,-77,-34,-24,-80,-75,28
GB,United Kingdom,York,,GB-YOR,,09/04/20,-75,-27,-35,-79,-74,28
GB,United Kingdom,York,,GB-YOR,,10/04/20,-82,-39,-39,-82,-84,33
GB,United Kingdom,York,,GB-YOR,,11/04/20,-86,-40,-58,-82,-64,
GB,United Kingdom,York,,GB-YOR,,12/04/20,-95,-64,-49,-83,-66,
GB,United Kingdom,York,,GB-YOR,,13/04/20,-81,-47,-34,-84,-86,
GB,United Kingdom,York,,GB-YOR,,14/04/20,-74,-31,-13,-77,-74,27
GB,United Kingdom,York,,GB-YOR,,15/04/20,-77,-35,-21,-79,-74,28
GB,United Kingdom,York,,GB-YOR,,16/04/20,-76,-34,-18,-78,-74,28
GB,United Kingdom,York,,GB-YOR,,17/04/20,-81,-35,-39,-80,-73,30
GB,United Kingdom,York,,GB-YOR,,18/04/20,-86,-45,-63,-82,-62,
GB,United Kingdom,York,,GB-YOR,,19/04/20,-87,-46,-40,-80,-60,
GB,United Kingdom,York,,GB-YOR,,20/04/20,-76,-38,-25,-77,-72,27
GB,United Kingdom,York,,GB-YOR,,21/04/20,-76,-37,-25,-76,-72,27
GB,United Kingdom,York,,GB-YOR,,22/04/20,-78,-39,-25,-78,-72,28
GB,United Kingdom,York,,GB-YOR,,23/04/20,-76,-36,-29,-77,-73,28
GB,United Kingdom,York,,GB-YOR,,24/04/20,-79,-35,-34,-77,-71,28
GB,United Kingdom,York,,GB-YOR,,25/04/20,-85,-42,-56,-79,-60,
GB,United Kingdom,York,,GB-YOR,,26/04/20,-86,-47,-45,-80,-59,
GB,United Kingdom,York,,GB-YOR,,27/04/20,-75,-38,-24,-75,-72,27
GB,United Kingdom,York,,GB-YOR,,28/04/20,-75,-39,-36,-78,-72,24
GB,United Kingdom,York,,GB-YOR,,29/04/20,-78,-41,-55,-80,-73,28
GB,United Kingdom,York,,GB-YOR,,30/04/20,-76,-34,-36,-77,-72,28
GB,United Kingdom,York,,GB-YOR,,01/05/20,-80,-36,-47,-76,-71,29
GB,United Kingdom,York,,GB-YOR,,02/05/20,-84,-41,-56,-77,-60,
GB,United Kingdom,York,,GB-YOR,,03/05/20,-85,-44,-48,-78,-59,
GB,United Kingdom,York,,GB-YOR,,04/05/20,-75,-37,-28,-74,-71,27
GB,United Kingdom,York,,GB-YOR,,05/05/20,-74,-35,-18,-73,-71,26
GB,United Kingdom,York,,GB-YOR,,06/05/20,-75,-32,-14,-73,-70,26
GB,United Kingdom,York,,GB-YOR,,07/05/20,-72,-26,-13,-72,-70,26
GB,United Kingdom,York,,GB-YOR,,08/05/20,-81,-37,-23,-78,-82,31
GB,United Kingdom,York,,GB-YOR,,09/05/20,-84,-42,-48,-77,-59,
GB,United Kingdom,York,,GB-YOR,,10/05/20,-86,-46,-63,-82,-59,
GB,United Kingdom,York,,GB-YOR,,11/05/20,-73,-33,-29,-74,-70,26
GB,United Kingdom,York,,GB-YOR,,12/05/20,-73,-31,-21,-72,-69,26
GB,United Kingdom,York,,GB-YOR,,13/05/20,-73,-31,-19,-71,-69,26
GB,United Kingdom,York,,GB-YOR,,14/05/20,-72,-28,8,-70,-69,24
GB,United Kingdom,York,,GB-YOR,,15/05/20,-76,-30,-17,-71,-68,26
GB,United Kingdom,York,,GB-YOR,,16/05/20,-80,-37,-43,-73,-55,
GB,United Kingdom,York,,GB-YOR,,17/05/20,-81,-38,-25,-70,-53,
GB,United Kingdom,York,,GB-YOR,,18/05/20,-69,-29,-11,-67,-68,24
GB,United Kingdom,York,,GB-YOR,,19/05/20,-68,-26,16,-67,-67,24
GB,United Kingdom,York,,GB-YOR,,20/05/20,-70,-25,34,-68,-67,24
GB,United Kingdom,York,,GB-YOR,,21/05/20,-68,-23,26,-67,-67,25
GB,United Kingdom,York,,GB-YOR,,22/05/20,-73,-26,-23,-69,-67,26
GB,United Kingdom,York,,GB-YOR,,23/05/20,-79,-35,-53,-73,-53,
GB,United Kingdom,York,,GB-YOR,,24/05/20,-79,-34,-22,-69,-50,
GB,United Kingdom,York,,GB-YOR,,25/05/20,-70,-30,80,-69,-82,25
GB,United Kingdom,York,,GB-YOR,,26/05/20,-64,-21,,-64,-66,22
GB,United Kingdom,York,,GB-YOR,,27/05/20,-66,-24,25,-67,-66,23
GB,United Kingdom,York,,GB-YOR,,28/05/20,-65,-20,37,-66,-66,23
GB,United Kingdom,York,,GB-YOR,,29/05/20,-69,-20,11,-64,-65,23
GB,United Kingdom,York,,GB-YOR,,30/05/20,-76,-26,-21,-65,-44,14
GB,United Kingdom,York,,GB-YOR,,31/05/20,-76,-28,0,-65,-43,
GB,United Kingdom,York,,GB-YOR,,01/06/20,-63,-21,27,-59,-61,21
GB,United Kingdom,York,,GB-YOR,,02/06/20,-64,-21,40,-62,-62,20
GB,United Kingdom,York,,GB-YOR,,03/06/20,-67,-28,-34,-69,-64,24
GB,United Kingdom,York,,GB-YOR,,04/06/20,-66,-25,-12,-66,-62,23
GB,United Kingdom,York,,GB-YOR,,05/06/20,-70,-26,-30,-66,-62,24
GB,United Kingdom,York,,GB-YOR,,06/06/20,-76,-33,-59,-73,-48,17
GB,United Kingdom,York,,GB-YOR,,07/06/20,-77,-33,-42,-72,-48,
GB,United Kingdom,York,,GB-YOR,,08/06/20,-64,-24,12,-62,-60,21
GB,United Kingdom,York,,GB-YOR,,09/06/20,-63,-24,35,-62,-60,21
GB,United Kingdom,York,,GB-YOR,,10/06/20,-65,-25,-27,-66,-61,23
GB,United Kingdom,York,,GB-YOR,,11/06/20,-64,-22,-20,-70,-62,23
GB,United Kingdom,York,,GB-YOR,,12/06/20,-69,-25,-41,-71,-61,24
GB,United Kingdom,York,,GB-YOR,,13/06/20,-73,-26,-26,-69,-38,13
GB,United Kingdom,York,,GB-YOR,,14/06/20,-73,-24,19,-67,-37,
GB,United Kingdom,York,,GB-YOR,,15/06/20,-53,-19,33,-54,-58,19
GB,United Kingdom,York,,GB-YOR,,16/06/20,-53,-15,,-56,-58,20
GB,United Kingdom,York,,GB-YOR,,17/06/20,-55,-18,27,-55,-58,20
GB,United Kingdom,York,,GB-YOR,,18/06/20,-59,-21,-30,-61,-60,22
GB,United Kingdom,York,,GB-YOR,,19/06/20,-60,-16,-19,-52,-57,21
GB,United Kingdom,York,,GB-YOR,,20/06/20,-66,-16,-3,-51,-32,9
GB,United Kingdom,York,,GB-YOR,,21/06/20,-68,-23,-6,-55,-32,9
GB,United Kingdom,York,,GB-YOR,,22/06/20,-53,-17,42,-48,-58,18
GB,United Kingdom,York,,GB-YOR,,23/06/20,-53,-11,,-52,-58,18
GB,United Kingdom,York,,GB-YOR,,24/06/20,-56,-14,50,-54,-57,18
GB,United Kingdom,York,,GB-YOR,,25/06/20,-54,-12,52,-53,-58,18
GB,United Kingdom,York,,GB-YOR,,26/06/20,-58,-16,-2,-51,-58,20
GB,United Kingdom,York,,GB-YOR,,27/06/20,-65,-20,-40,-49,-38,12
GB,United Kingdom,York,,GB-YOR,,28/06/20,-64,-24,-28,-51,-32,10
GB,United Kingdom,York,,GB-YOR,,29/06/20,-54,-21,-29,-51,-58,20
GB,United Kingdom,York,,GB-YOR,,30/06/20,-46,-13,24,-58,-56,19
GB,United Kingdom,York,,GB-YOR,,01/07/20,-49,-17,1,-60,-56,19
GB,United Kingdom,York,,GB-YOR,,02/07/20,-49,-17,-12,-62,-57,20
GB,United Kingdom,York,,GB-YOR,,03/07/20,-54,-16,-19,-59,-55,20
GB,United Kingdom,York,,GB-YOR,,04/07/20,-55,-21,-23,-54,-30,9
GB,United Kingdom,York,,GB-YOR,,05/07/20,-54,-22,-2,-53,-29,7
GB,United Kingdom,York,,GB-YOR,,06/07/20,-39,-13,43,-51,-56,16
GB,United Kingdom,York,,GB-YOR,,07/07/20,-39,-14,18,-55,-56,17
